revid,editor,datetime,title,match
88534194,46.166.174.209,2013-02-08T12:54:48,Anime,TRUE
88682845,199.115.114.66,2013-02-12T10:25:39,Anime,TRUE
88683183,46.166.168.105,2013-02-12T10:34:04,Anime,TRUE
91628012,77.64.174.191,2013-04-03T02:40:05,Cinéma japonais,TRUE
88358076,24.6.253.27,2013-02-03T15:51:48,Christiane Taubira,TRUE
55964449,62.58.108.142,2010-08-08T19:25:27,Cameroun,TRUE
55964514,62.58.108.142,2010-08-08T19:28:57,Cameroun,TRUE
88253376,109.202.102.117,2013-01-31T16:14:52,Cyberpunk,TRUE
88253430,109.202.102.117,2013-01-31T16:16:06,Cyberpunk,TRUE
57251901,92.241.190.188,2010-09-19T08:31:26,Europe,TRUE
82875339,78.46.119.2,2012-09-10T14:02:27,GNU,TRUE
75815378,96.44.163.76,2012-02-20T05:38:10,Français,TRUE
59034049,82.239.236.193,2010-11-10T16:38:11,MD5,TRUE
59034397,82.239.236.193,2010-11-10T16:47:02,MD5,TRUE
88988401,212.63.218.1,2013-02-19T09:18:48,Nicolas Copernic,TRUE
72815661,82.137.200.52,2011-12-04T21:37:33,Windows 98,TRUE
53048311,64.62.196.24,2010-05-08T09:53:18,9 mai,TRUE
69341309,209.236.66.108,2011-09-07T16:58:28,12 octobre,TRUE
69341381,209.236.66.108,2011-09-07T17:00:55,12 octobre,TRUE
69341367,209.236.66.108,2011-09-07T17:00:42,19 octobre,TRUE
54037300,193.107.16.217,2010-06-06T23:48:30,Économie de l'Argentine,TRUE
88316581,217.70.144.63,2013-02-02T12:45:45,Samouraï,TRUE
86761253,68.69.169.131,2012-12-20T18:46:12,Amélie Nothomb,TRUE
70658188,195.240.175.88,2011-10-01T20:40:30,Pierre-André Taguieff,TRUE
55937034,38.108.126.172,2010-08-07T17:01:58,Yves Bur,TRUE
55937326,208.53.142.42,2010-08-07T17:12:44,Yves Bur,TRUE
78610446,204.12.227.110,2012-05-12T12:49:18,François Hollande,TRUE
78610482,204.12.227.110,2012-05-12T12:50:08,François Hollande,TRUE
74583186,109.64.223.112,2012-01-20T23:25:18,Alain Joyandet,TRUE
85108742,204.124.83.131,2012-11-09T11:03:27,Manuel Valls,TRUE
82459497,60.242.34.204,2012-08-29T14:07:06,Cisjordanie,TRUE
56253876,209.107.217.119,2010-08-18T02:06:32,1204,TRUE
64388477,93.182.137.61,2011-04-16T08:35:50,Quentin Tarantino,TRUE
87240244,89.187.142.208,2013-01-04T00:09:25,Juan Manuel Fangio,TRUE
52991651,212.42.236.140,2010-05-06T16:51:38,Manifestations de la place Tian'anmen,TRUE
52991792,87.118.104.203,2010-05-06T16:55:25,Manifestations de la place Tian'anmen,TRUE
52992259,61.32.46.3,2010-05-06T17:07:24,Manifestations de la place Tian'anmen,TRUE
52075443,24.249.130.132,2010-04-10T19:48:34,Conjecture de Syracuse,TRUE
55475162,92.160.84.26,2010-07-22T21:22:21,Neon Genesis Evangelion,TRUE
85046412,96.44.189.100,2012-11-07T17:41:31,Hockey sur glace,TRUE
85046476,195.37.190.67,2012-11-07T17:43:24,Hockey sur glace,TRUE
69059701,109.75.178.93,2011-08-31T11:30:21,Liste de bâtards,TRUE
57252670,160.36.180.227,2010-09-19T09:03:00,Bicyclette,TRUE
57252917,194.154.227.109,2010-09-19T09:10:53,Bicyclette,TRUE
65473394,84.202.110.107,2011-05-18T12:14:10,Camembert de Normandie,TRUE
65474536,80.237.226.73,2011-05-18T12:48:17,Camembert de Normandie,TRUE
124233717,198.27.119.92,2016-03-11T00:14:16,Whisky,TRUE
57788204,90.19.1.48,2010-10-05T16:47:27,Pain,TRUE
73164150,89.248.174.73,2011-12-15T09:06:16,Pain,TRUE
54386601,87.236.199.73,2010-06-17T12:47:14,Emmanuel Kant,TRUE
72427932,129.194.8.73,2011-11-23T14:37:04,Chabbat,TRUE
70690072,122.155.3.145,2011-10-02T20:03:09,France 2,TRUE
70692128,80.237.226.73,2011-10-02T21:15:45,France 2,TRUE
70692236,80.237.226.73,2011-10-02T21:19:19,France 2,TRUE
70694952,85.252.88.50,2011-10-02T23:59:34,France 3,TRUE
70714773,46.165.196.182,2011-10-03T17:28:23,France 3,TRUE
70691703,209.236.66.108,2011-10-02T21:01:20,France 5,TRUE
70690994,199.48.147.46,2011-10-02T20:36:48,Office de radiodiffusion-télévision française,TRUE
70696366,128.6.224.107,2011-10-03T02:08:07,Office de radiodiffusion-télévision française,TRUE
70696376,128.6.224.107,2011-10-03T02:09:30,Office de radiodiffusion-télévision française,TRUE
53859353,209.151.236.27,2010-06-01T19:58:15,Villeneuve-d'Ascq,TRUE
65144409,93.22.114.182,2011-05-08T13:28:31,Jean Moulin,TRUE
101572623,94.103.175.85,2014-02-25T01:50:07,Représentation,TRUE
89757470,91.206.27.30,2013-03-11T23:12:26,São Paulo,TRUE
75815268,88.80.28.70,2012-02-20T05:26:04,Boromir,TRUE
75815545,82.149.225.171,2012-02-20T05:57:21,Boromir,TRUE
75831003,184.82.107.166,2012-02-20T15:21:03,Boromir,TRUE
75840285,176.9.53.41,2012-02-20T19:34:04,Boromir,TRUE
88314551,198.98.53.83,2013-02-02T11:43:40,Ninja,TRUE
57405900,88.161.100.184,2010-09-23T22:10:52,Tectonique des plaques,TRUE
70695067,173.254.216.66,2011-10-03T00:07:49,RTL9,TRUE
70695102,173.254.216.66,2011-10-03T00:10:33,RTL9,TRUE
70695172,173.254.216.66,2011-10-03T00:17:02,RTL9,TRUE
88383733,213.171.220.40,2013-02-04T10:41:28,Costume traditionnel,TRUE
54684645,212.116.83.110,2010-06-27T06:19:00,Christologie,TRUE
71859265,199.48.147.41,2011-11-07T00:03:09,Vinci (entreprise),TRUE
67363887,92.138.203.53,2011-07-11T22:24:11,Saulxures-sur-Moselotte,TRUE
57620144,87.100.81.14,2010-09-30T16:28:43,Total (entreprise),TRUE
89631551,88.198.75.70,2013-03-08T01:18:00,Joseph Siffert,TRUE
90134026,204.11.50.131,2013-03-14T14:35:14,Joseph Siffert,TRUE
88255480,89.22.97.70,2013-01-31T17:13:03,Yoshiaki Kawajiri,TRUE
86354290,37.130.227.133,2012-12-09T16:48:03,Vénissieux,TRUE
86354569,96.44.189.102,2012-12-09T16:53:39,Vénissieux,TRUE
86354824,96.44.189.100,2012-12-09T16:57:50,Vénissieux,TRUE
69246955,87.236.194.191,2011-09-05T11:41:22,Levallois-Perret,TRUE
84586990,85.24.188.250,2012-10-25T20:17:46,Alto (instrument à cordes),TRUE
84622296,217.10.40.69,2012-10-26T22:03:04,Alto (instrument à cordes),TRUE
84622647,88.198.14.171,2012-10-26T22:16:13,Alto (instrument à cordes),TRUE
55685806,192.251.226.206,2010-07-30T09:15:25,Thales,TRUE
57366164,188.118.196.40,2010-09-22T19:22:03,Philippe Marini,TRUE
57194869,78.228.117.53,2010-09-17T11:18:11,Hoplite,TRUE
53263737,81.57.79.150,2010-05-14T15:15:07,Éric et Ramzy,TRUE
54761336,94.23.63.133,2010-06-29T18:37:13,Rire,TRUE
54761347,94.23.63.133,2010-06-29T18:37:41,Rire,TRUE
52395190,77.249.215.53,2010-04-19T17:20:21,Christopher Walken,TRUE
86395572,178.18.17.111,2012-12-10T15:28:21,Pingouin,TRUE
61355468,173.35.188.196,2011-01-17T04:08:22,K-141 Koursk,TRUE
75783556,46.105.116.218,2012-02-19T10:53:43,Centrale nucléaire,TRUE
75785385,46.105.116.218,2012-02-19T11:53:16,Centrale nucléaire,TRUE
75942753,65.205.80.112,2012-02-23T12:37:58,Centrale nucléaire,TRUE
87023972,95.24.40.163,2012-12-29T09:53:03,Jean-Luc Delarue,TRUE
87240234,89.187.142.208,2013-01-04T00:09:07,Jack Brabham,TRUE
88668717,37.153.194.171,2013-02-11T22:51:44,Jack Brabham,TRUE
89500520,46.166.185.70,2013-03-04T13:20:34,Jack Brabham,TRUE
90134102,204.11.50.131,2013-03-14T14:37:16,Jack Brabham,TRUE
86234061,96.44.189.102,2012-12-06T23:04:57,Montcuq,TRUE
88218190,80.219.71.168,2013-01-30T16:54:43,Problème synoptique,TRUE
88224495,80.219.71.168,2013-01-30T20:04:56,Problème synoptique,TRUE
125553674,82.228.252.20,2016-04-24T01:35:21,Liste de musées en France,TRUE
125553728,82.228.252.20,2016-04-24T01:40:07,Liste de musées en France,TRUE
139781696,82.228.252.20,2017-08-15T20:59:47,Liste de musées en France,TRUE
139782183,82.228.252.20,2017-08-15T21:20:32,Liste de musées en France,TRUE
53003282,80.239.147.20,2010-05-06T22:52:27,Iconoclasme,TRUE
74333150,82.137.200.52,2012-01-14T16:58:13,Rock (film),TRUE
124233683,198.27.119.92,2016-03-11T00:12:25,Baseball,TRUE
82945614,198.245.51.51,2012-09-12T15:50:09,Harlem Désir,TRUE
82945756,198.245.51.51,2012-09-12T15:52:50,Harlem Désir,TRUE
82958804,212.117.180.65,2012-09-12T21:26:21,Harlem Désir,TRUE
58371995,98.126.52.170,2010-10-23T22:37:18,Mescaline,TRUE
87240963,204.124.83.132,2013-01-04T00:41:32,Tazio Nuvolari,TRUE
87241128,204.124.83.132,2013-01-04T00:49:44,Tazio Nuvolari,TRUE
88657576,23.25.135.9,2013-02-11T17:58:16,Tazio Nuvolari,TRUE
89499666,213.220.233.12,2013-03-04T12:58:40,Tazio Nuvolari,TRUE
90148607,46.149.18.106,2013-03-14T16:14:18,Tazio Nuvolari,TRUE
80356365,89.248.173.112,2012-07-01T08:04:25,Paul Belmondo (sculpteur),TRUE
86519689,79.183.153.76,2012-12-14T09:42:48,Mirabelle,TRUE
55200489,90.34.249.225,2010-07-13T15:18:24,Carte son,TRUE
75656121,84.55.117.251,2012-02-15T23:36:38,Enrichissement de l'uranium,TRUE
55679736,217.114.211.20,2010-07-30T00:01:41,Scorpiones,TRUE
55773034,193.107.160.12,2010-08-02T08:46:18,Scorpiones,TRUE
55911026,173.30.108.160,2010-08-06T17:32:56,Scorpiones,TRUE
61179322,87.67.23.113,2011-01-11T16:15:37,Heineken,TRUE
75619644,46.163.115.187,2012-02-14T21:55:12,Droit de réponse,TRUE
75925405,178.21.113.83,2012-02-22T22:08:51,Droit de réponse,TRUE
75935508,77.79.6.37,2012-02-23T08:41:19,Droit de réponse,TRUE
75962595,89.151.196.118,2012-02-23T22:16:51,Droit de réponse,TRUE
85551353,165.254.32.192,2012-11-20T14:42:41,Discrimination,TRUE
71061471,88.182.223.7,2011-10-13T21:46:36,Lupin III,TRUE
56988133,207.162.116.1,2010-09-10T17:29:23,IEEE 754,TRUE
56988157,207.162.116.1,2010-09-10T17:30:40,IEEE 754,TRUE
53309227,76.68.234.238,2010-05-16T03:03:18,Tim Hortons,TRUE
59822316,92.145.83.159,2010-12-03T04:48:57,Pemmican,TRUE
56585782,195.71.226.87,2010-08-28T21:31:04,Les Identitaires,TRUE
57950453,88.161.100.184,2010-10-10T16:11:01,Subduction,TRUE
78154072,95.211.92.234,2012-04-29T21:58:21,Kopete,TRUE
78154501,95.211.92.234,2012-04-29T22:18:51,Kopete,TRUE
78154526,95.211.92.234,2012-04-29T22:19:52,Kopete,TRUE
78154695,95.211.92.234,2012-04-29T22:28:53,Kopete,TRUE
52080136,82.247.118.177,2010-04-10T23:22:52,Bombe A,TRUE
52080153,82.247.118.177,2010-04-10T23:23:30,Bombe A,TRUE
52080181,82.247.118.177,2010-04-10T23:24:35,Bombe A,TRUE
52080196,82.247.118.177,2010-04-10T23:25:11,Bombe A,TRUE
56584972,88.161.100.184,2010-08-28T20:59:13,Discussion:Nutella,TRUE
69049971,77.247.181.164,2011-08-31T01:56:16,Denzel Washington,TRUE
70695439,173.254.216.67,2011-10-03T00:43:25,France 4,TRUE
70695453,173.254.216.67,2011-10-03T00:45:40,France 4,TRUE
85410602,46.38.57.196,2012-11-16T23:00:46,Friedrich Wilhelm Murnau,TRUE
85410625,46.38.57.196,2012-11-16T23:01:30,Friedrich Wilhelm Murnau,TRUE
85428307,91.218.203.61,2012-11-17T13:21:26,Friedrich Wilhelm Murnau,TRUE
85465587,77.87.36.179,2012-11-18T11:58:58,Friedrich Wilhelm Murnau,TRUE
85478692,46.39.178.17,2012-11-18T17:06:48,Friedrich Wilhelm Murnau,TRUE
70353999,93.11.116.22,2011-09-26T12:37:37,Lysander Spooner,TRUE
57255740,88.198.6.155,2010-09-19T11:03:19,Mito,TRUE
57528230,92.160.64.69,2010-09-27T20:22:20,Élisabeth en Bavière,TRUE
68949143,87.225.253.173,2011-08-28T12:08:51,Loi du χ²,TRUE
54393006,173.244.197.211,2010-06-17T16:34:47,Camping,TRUE
69058540,192.251.226.205,2011-08-31T11:00:59,Tropaeolum,TRUE
68452256,46.105.27.26,2011-08-15T15:25:29,Argumentation,TRUE
85608114,62.141.58.13,2012-11-21T20:32:20,Patrick Poivey,TRUE
67823451,80.67.176.111,2011-07-26T17:28:48,MUTE,TRUE
89757473,91.206.27.30,2013-03-11T23:12:30,Croix scandinave,TRUE
80293423,81.66.66.15,2012-06-29T10:04:27,Anne Sinclair,TRUE
70695538,80.237.226.73,2011-10-03T00:59:54,AB1,TRUE
119750902,37.48.113.81,2015-10-23T13:50:32,Crédit agricole,TRUE
55343647,92.160.118.106,2010-07-18T16:41:09,Anthony Hopkins,TRUE
70696289,46.251.236.221,2011-10-03T01:55:20,W9,TRUE
70696309,46.251.236.221,2011-10-03T01:57:41,W9,TRUE
87202507,74.120.12.135,2013-01-03T01:37:03,Modèle:Infobox Course de Formule 1,TRUE
87240155,89.187.142.208,2013-01-04T00:06:27,Modèle:Infobox Course de Formule 1,TRUE
87316855,62.212.82.118,2013-01-05T23:30:20,Modèle:Infobox Course de Formule 1,TRUE
57493713,92.160.86.228,2010-09-26T18:34:55,Datura stramonium,TRUE
57493848,92.160.86.228,2010-09-26T18:40:50,Datura stramonium,TRUE
57404861,88.161.100.184,2010-09-23T21:29:16,Pyroxène,TRUE
69050097,199.48.147.42,2011-08-31T02:13:17,Jay Z,TRUE
50940532,84.101.156.98,2010-03-09T13:34:28,Jean Dujardin,TRUE
71036372,88.182.223.7,2011-10-13T03:51:44,Bob Denard,TRUE
75831613,88.198.100.230,2012-02-20T15:37:06,Modèle:Attention,TRUE
70695375,83.170.92.9,2011-10-03T00:37:59,TFX,TRUE
70695473,173.254.216.67,2011-10-03T00:48:58,TFX,TRUE
66937636,41.104.28.204,2011-06-29T16:17:48,Aïn Taya,TRUE
66937765,41.104.28.204,2011-06-29T16:20:45,Aïn Taya,TRUE
69025090,184.18.151.21,2011-08-30T11:55:56,Université Nice-Sophia-Antipolis,TRUE
69025940,77.247.181.162,2011-08-30T12:22:39,Université Nice-Sophia-Antipolis,TRUE
69032050,199.48.147.39,2011-08-30T15:45:05,Université Nice-Sophia-Antipolis,TRUE
69032482,192.251.226.205,2011-08-30T15:58:10,Université Nice-Sophia-Antipolis,TRUE
53431329,82.225.84.154,2010-05-19T17:19:51,Liaison osidique,TRUE
64626672,78.192.173.130,2011-04-23T19:56:33,Inlandsis,TRUE
125553751,82.228.252.20,2016-04-24T01:42:07,Le Cannet,TRUE
89416234,94.142.233.175,2013-03-02T09:06:13,Clémentine Autain,TRUE
54239664,64.62.196.24,2010-06-12T23:27:41,Têtu (magazine),TRUE
139800909,83.220.174.128,2017-08-16T14:42:50,Masculinisme,TRUE
72569506,78.129.222.246,2011-11-27T23:45:34,Jacques Sadoul (homme politique),TRUE
60509438,96.23.95.228,2010-12-23T19:07:02,Transformers (série télévisée d'animation),TRUE
56537496,208.53.142.37,2010-08-27T10:55:49,Kool Shen,TRUE
89723371,212.232.24.57,2013-03-11T03:07:24,Grand Prix de Long Beach,TRUE
56536981,213.229.109.203,2010-08-27T10:36:14,Gaël Monfils,TRUE
56593700,174.36.199.203,2010-08-29T08:15:51,Discussion utilisateur:Ludo29,TRUE
56595777,217.115.137.221,2010-08-29T09:38:15,Discussion utilisateur:Ludo29,TRUE
56597969,137.56.163.64,2010-08-29T11:08:06,Discussion utilisateur:Ludo29,TRUE
56598041,137.56.163.64,2010-08-29T11:10:13,Discussion utilisateur:Ludo29,TRUE
56628382,208.53.142.41,2010-08-30T09:10:52,Discussion utilisateur:Ludo29,TRUE
75887006,79.143.177.201,2012-02-21T22:54:06,David Pujadas,TRUE
75887099,79.143.177.201,2012-02-21T22:56:37,David Pujadas,TRUE
74207283,173.254.216.68,2012-01-11T14:02:08,Guillaume Peltier,TRUE
74207425,173.254.216.68,2012-01-11T14:05:02,Guillaume Peltier,TRUE
74207478,173.254.216.68,2012-01-11T14:06:19,Guillaume Peltier,TRUE
70809248,188.40.242.163,2011-10-06T21:47:14,"La Guerre des mondes (film, 2005)",TRUE
70809363,188.40.242.163,2011-10-06T21:49:30,"La Guerre des mondes (film, 2005)",TRUE
75831736,88.198.100.230,2012-02-20T15:40:00,Modèle:Code,TRUE
89522086,185.13.224.51,2013-03-05T00:24:23,Damon Hill,TRUE
90146297,67.230.168.86,2013-03-14T16:01:37,Damon Hill,TRUE
58853767,195.64.140.190,2010-11-05T22:53:28,IB,TRUE
55144747,69.1.176.173,2010-07-11T16:45:12,Paul Bert,TRUE
55144830,69.1.176.173,2010-07-11T16:47:55,Paul Bert,TRUE
52378478,85.229.200.128,2010-04-19T08:54:36,Discussion utilisateur:Lgd,TRUE
52384953,86.216.64.202,2010-04-19T12:33:35,Discussion utilisateur:Lgd,TRUE
53613567,81.169.183.122,2010-05-25T10:58:31,Discussion utilisateur:Lgd,TRUE
56628178,92.243.10.145,2010-08-30T09:05:08,Discussion utilisateur:Lgd,TRUE
126365403,5.9.158.75,2016-05-21T11:48:59,À la Belle Jardinière,TRUE
69368697,82.245.41.171,2011-09-08T13:01:28,Viuz-en-Sallaz,TRUE
69368803,82.245.41.171,2011-09-08T13:04:21,Viuz-en-Sallaz,TRUE
55371509,222.107.34.53,2010-07-19T16:27:20,Francophilie,TRUE
56493569,82.227.89.221,2010-08-25T21:32:36,Erri De Luca,TRUE
69055373,199.48.147.36,2011-08-31T09:14:42,Gouffre de Padirac,TRUE
75219938,96.44.163.76,2012-02-06T08:05:11,Parade,TRUE
54005983,173.35.190.2,2010-06-06T05:23:46,Affaire Rhodia,TRUE
70899252,209.236.66.137,2011-10-09T16:23:11,Lucifer (cryptographie),TRUE
70899395,68.71.46.138,2011-10-09T16:26:30,Lucifer (cryptographie),TRUE
55326566,70.176.16.252,2010-07-17T21:33:53,Rock,TRUE
54096265,82.228.211.174,2010-06-08T16:53:36,Melvins,TRUE
88668743,37.153.194.171,2013-02-11T22:52:35,Mario Andretti,TRUE
89500546,46.166.185.70,2013-03-04T13:21:08,Mario Andretti,TRUE
89887889,212.117.180.65,2013-03-12T23:24:16,Mario Andretti,TRUE
89891748,198.12.67.151,2013-03-12T23:55:26,Mario Andretti,TRUE
90148146,46.149.18.106,2013-03-14T16:11:32,Mario Andretti,TRUE
78266937,91.183.48.92,2012-05-02T13:41:55,Federal Funds,TRUE
88796167,96.26.145.19,2013-02-15T00:32:19,Windows Vista,TRUE
53539926,82.232.188.61,2010-05-23T01:05:54,Discussion:Caucasien,TRUE
120606023,90.61.114.153,2015-11-18T16:09:43,Z,TRUE
71875252,83.254.2.173,2011-11-07T14:05:08,Mite des vêtements,TRUE
55528425,78.251.141.85,2010-07-24T21:46:08,Magloire,TRUE
82603287,37.59.37.103,2012-09-02T12:53:12,Grande mosquée de Paris,TRUE
82608646,213.110.198.31,2012-09-02T14:24:02,Grande mosquée de Paris,TRUE
82645689,89.248.172.226,2012-09-03T13:08:08,Grande mosquée de Paris,TRUE
80070525,80.67.176.111,2012-06-22T22:02:44,Haricot vert,TRUE
65786699,79.160.36.104,2011-05-28T08:46:49,Tor (réseau),TRUE
65794938,76.111.63.104,2011-05-28T13:46:23,Tor (réseau),TRUE
52573711,173.35.190.2,2010-04-24T23:29:59,John Goodman,TRUE
85437137,31.131.20.158,2012-11-17T17:14:23,Georg Wilhelm Pabst,TRUE
73439975,90.43.221.14,2011-12-23T06:30:43,Chris Hülsbeck,TRUE
76018534,50.61.247.32,2012-02-25T09:47:30,Stratégie de communication,TRUE
85216483,91.121.121.151,2012-11-11T21:24:27,Chavagnes-en-Paillers,TRUE
56596272,216.86.61.205,2010-08-29T09:58:13,Résistance intérieure française,TRUE
68114027,82.255.229.7,2011-08-05T05:22:52,Marcilly-la-Campagne,TRUE
56600911,217.115.137.221,2010-08-29T12:58:24,Zoreilles,TRUE
139902950,5.157.7.43,2017-08-20T02:23:44,Pro Juventute,TRUE
139903401,5.157.7.43,2017-08-20T03:17:01,Pro Juventute,TRUE
139903405,5.157.7.43,2017-08-20T03:17:41,Pro Juventute,TRUE
139903535,5.157.7.43,2017-08-20T03:43:53,Pro Juventute,TRUE
139903541,5.157.7.43,2017-08-20T03:44:33,Pro Juventute,TRUE
139903652,5.157.7.43,2017-08-20T03:57:53,Pro Juventute,TRUE
139903667,5.157.7.43,2017-08-20T03:59:54,Pro Juventute,TRUE
139903826,5.157.7.43,2017-08-20T04:26:58,Pro Juventute,TRUE
72691397,135.196.0.10,2011-12-01T11:51:27,Bamilékés,TRUE
68341752,86.194.221.42,2011-08-12T06:20:33,Discussion:Anne Lauvergeon,TRUE
68862068,94.178.62.116,2011-08-26T05:50:40,Discussion:Anne Lauvergeon,TRUE
84169759,88.173.245.211,2012-10-16T11:30:31,Tramway de Montpellier,TRUE
84169813,88.173.245.211,2012-10-16T11:32:03,Tramway de Montpellier,TRUE
86773871,82.143.224.56,2012-12-21T07:09:28,Stavudine,TRUE
56537411,208.53.142.37,2010-08-27T10:52:18,Bruno Solo,TRUE
113397969,78.198.180.205,2015-03-30T19:29:48,Jacob de Haan,TRUE
113398138,78.198.180.205,2015-03-30T19:36:03,Jacob de Haan,TRUE
70580777,208.76.53.10,2011-09-30T11:18:14,Lod (Israël),TRUE
54189534,64.62.196.24,2010-06-11T13:15:28,"Institut national du sport, de l'expertise et de la performance",TRUE
82159841,31.31.74.235,2012-08-21T14:54:41,Pierre Molaine,TRUE
54031957,96.249.154.94,2010-06-06T20:39:34,Discussion:Violence conjugale,TRUE
54905436,173.244.197.211,2010-07-03T23:21:58,Montataire,TRUE
54905508,173.244.197.211,2010-07-03T23:25:25,Montataire,TRUE
58684943,86.214.2.153,2010-10-31T18:52:58,Winx Club,TRUE
58685280,86.214.2.153,2010-10-31T19:03:58,Winx Club,TRUE
58693738,86.214.2.153,2010-10-31T23:51:45,Winx Club,TRUE
89671004,82.234.131.203,2013-03-09T13:19:41,Merian C. Cooper,TRUE
89671129,82.234.131.203,2013-03-09T13:25:17,Merian C. Cooper,TRUE
89671180,82.234.131.203,2013-03-09T13:27:10,Merian C. Cooper,TRUE
89671213,82.234.131.203,2013-03-09T13:28:11,Merian C. Cooper,TRUE
89671268,82.234.131.203,2013-03-09T13:30:20,Merian C. Cooper,TRUE
69785533,62.113.219.6,2011-09-17T09:07:48,Arrêt Simmenthal,TRUE
71295870,123.108.108.147,2011-10-21T11:55:56,Jean Zin,TRUE
76858105,83.246.143.86,2012-03-20T23:23:58,Thé Oolong,TRUE
88657532,23.25.135.9,2013-02-11T17:57:05,Brabham Racing Organisation,TRUE
88668739,37.153.194.171,2013-02-11T22:52:25,Brabham Racing Organisation,TRUE
88668911,37.153.194.171,2013-02-11T22:57:40,Brabham Racing Organisation,TRUE
89500540,46.166.185.70,2013-03-04T13:20:59,Brabham Racing Organisation,TRUE
74682142,77.79.6.37,2012-01-23T16:28:42,Christophe Barbier,TRUE
53898647,81.218.219.122,2010-06-02T21:30:54,Ambres,TRUE
75066992,81.169.182.71,2012-02-02T18:10:54,Éructation,TRUE
58782254,92.160.67.101,2010-11-03T16:32:43,Amelia Heinle,TRUE
57548945,173.193.219.190,2010-09-28T13:23:43,George W. Bush,TRUE
57549030,173.193.219.190,2010-09-28T13:26:23,George W. Bush,TRUE
57549120,173.193.219.190,2010-09-28T13:28:43,George W. Bush,TRUE
58201874,188.126.68.4,2010-10-18T14:17:19,Pierre Veltz,TRUE
58201934,188.126.68.4,2010-10-18T14:19:37,Pierre Veltz,TRUE
57389999,92.160.94.111,2010-09-23T14:22:23,Sun Wukong,TRUE
88255174,89.22.97.70,2013-01-31T17:04:39,Histoire des anime,TRUE
72463689,82.240.162.101,2011-11-24T17:07:49,Super Saiyan,TRUE
56254872,209.107.217.119,2010-08-18T03:06:32,Ghilzai,TRUE
69051015,173.56.96.253,2011-08-31T04:33:35,Jason Mraz,TRUE
75684759,24.46.177.245,2012-02-16T20:45:32,TER Alsace,TRUE
77315253,84.55.117.251,2012-04-04T11:01:24,Ulcère de Buruli,TRUE
72287294,87.98.178.61,2011-11-19T11:15:12,Lapin de Pâques,TRUE
89723376,212.232.24.57,2013-03-11T03:07:35,Grand Prix automobile de Détroit,TRUE
71535871,81.169.173.120,2011-10-28T14:31:00,Prix Sakharov,TRUE
70696476,80.237.226.76,2011-10-03T02:30:11,Discussion utilisateur:ThomasCVB,TRUE
70958417,173.254.216.66,2011-10-10T23:28:01,Discussion utilisateur:ThomasCVB,TRUE
71025830,78.46.100.177,2011-10-12T18:05:54,Discussion utilisateur:ThomasCVB,TRUE
71026311,209.236.66.137,2011-10-12T18:27:01,Discussion utilisateur:ThomasCVB,TRUE
56028980,41.228.185.254,2010-08-10T22:24:41,Ricardo Carvalho,TRUE
53481745,62.62.174.28,2010-05-21T07:27:11,Gaspard de la nuit (Ravel),TRUE
55923946,92.160.126.159,2010-08-07T05:18:37,Azura Skye,TRUE
57327580,61.32.46.9,2010-09-21T16:23:41,Trouble de la personnalité schizoïde,TRUE
55595411,92.160.86.45,2010-07-27T05:49:14,Lady Deathstrike,TRUE
81687394,199.254.238.44,2012-08-08T12:11:50,NRJ Mobile,TRUE
81687666,93.182.129.84,2012-08-08T12:21:47,NRJ Mobile,TRUE
81688915,85.31.187.132,2012-08-08T12:57:11,NRJ Mobile,TRUE
85263150,62.220.135.129,2012-11-12T21:51:01,Jean-Paul Bourcereau,TRUE
85263250,62.220.135.129,2012-11-12T21:54:26,Jean-Paul Bourcereau,TRUE
85263306,62.220.135.129,2012-11-12T21:56:05,Jean-Paul Bourcereau,TRUE
69024645,193.106.172.85,2011-08-30T11:43:30,Parrot (entreprise),TRUE
69025597,87.236.194.158,2011-08-30T12:11:39,Parrot (entreprise),TRUE
69026441,68.169.35.41,2011-08-30T12:37:36,Parrot (entreprise),TRUE
56586477,128.208.6.19,2010-08-28T21:58:47,Français (peuple),TRUE
56586807,208.53.142.41,2010-08-28T22:10:38,Français (peuple),TRUE
56586926,208.53.142.41,2010-08-28T22:15:02,Français (peuple),TRUE
56586995,208.53.142.41,2010-08-28T22:18:24,Français (peuple),TRUE
56587233,64.189.17.37,2010-08-28T22:30:26,Français (peuple),TRUE
56592867,83.169.33.85,2010-08-29T07:34:08,Français (peuple),TRUE
56592883,83.169.33.85,2010-08-29T07:35:01,Français (peuple),TRUE
61614633,82.228.211.174,2011-01-25T11:47:24,Oceansize,TRUE
68975901,82.149.225.171,2011-08-29T08:11:00,Michel Tabachnik,TRUE
89723372,212.232.24.57,2013-03-11T03:07:26,Grand Prix automobile de Houston,TRUE
58316785,110.76.82.179,2010-10-22T04:15:55,Vajra,TRUE
75831485,85.24.188.130,2012-02-20T15:34:05,Modèle:Arbre généalogique/début,TRUE
75831570,85.24.188.130,2012-02-20T15:36:00,Modèle:Arbre généalogique/fin,TRUE
57950414,88.161.100.184,2010-10-10T16:10:07,Discussion:Subduction,TRUE
55803003,86.216.244.66,2010-08-03T07:02:53,Discussion:Négation de la Shoah/Archive 1,TRUE
55809146,86.216.244.66,2010-08-03T11:45:55,Discussion:Négation de la Shoah/Archive 1,TRUE
55809175,86.216.244.66,2010-08-03T11:47:31,Discussion:Négation de la Shoah/Archive 1,TRUE
55833929,92.133.95.188,2010-08-04T06:08:32,Discussion:Négation de la Shoah/Archive 1,TRUE
89723375,212.232.24.57,2013-03-11T03:07:32,Grand Prix automobile de Cleveland,TRUE
89723370,212.232.24.57,2013-03-11T03:07:17,Grand Prix automobile de Toronto,TRUE
94889899,82.67.62.169,2013-07-12T08:46:49,Matthias Schweighöfer,TRUE
89347658,198.96.155.3,2013-02-28T14:19:57,Gentleman,TRUE
73106830,82.137.200.52,2011-12-13T14:58:28,Moustapha Ier,TRUE
89670854,82.234.131.203,2013-03-09T13:14:00,Bataille de Cold Harbor,TRUE
83049026,37.130.227.133,2012-09-15T20:19:27,Omar m'a tuer (film),TRUE
90133159,204.11.50.131,2013-03-14T14:26:47,Modèle:Autres projets/Documentation,TRUE
121217689,81.169.138.51,2015-12-10T17:12:55,VsFTPd,TRUE
85410592,199.239.183.212,2012-11-16T23:00:16,Discussion:Syrie,TRUE
56537271,81.218.219.122,2010-08-27T10:46:50,Club échangiste,TRUE
82657458,80.237.226.74,2012-09-03T19:25:07,Main courante (registre),TRUE
87688693,173.192.216.78,2013-01-15T23:34:55,Discussion utilisateur:Cobra bubbles,TRUE
88231816,192.34.62.248,2013-01-30T23:48:37,Discussion utilisateur:Cobra bubbles,TRUE
89729976,213.152.181.7,2013-03-11T11:20:20,Grand Prix de Pau,TRUE
90006846,180.149.96.169,2013-03-13T17:26:15,Grand Prix de Pau,TRUE
72772221,77.109.139.87,2011-12-03T16:53:39,3+,TRUE
55620265,78.47.29.82,2010-07-27T22:33:42,André Corneille Lens,TRUE
72291307,81.17.26.84,2011-11-19T13:15:16,Olivier Nussbaum,TRUE
72294480,74.3.165.39,2011-11-19T14:48:07,Olivier Nussbaum,TRUE
86519635,85.64.30.54,2012-12-14T09:39:36,Forssa,TRUE
55355321,92.160.118.106,2010-07-19T03:26:48,Hannibal Lecter : Les Origines du mal,TRUE
90768981,85.10.211.53,2013-03-18T16:57:05,Portail:Formule 1/Classement,TRUE
56735189,208.53.142.41,2010-09-02T15:37:44,Français (homonymie),TRUE
55398336,92.160.86.203,2010-07-20T13:04:03,Compagnie ACME,TRUE
70695190,173.254.216.66,2011-10-03T00:18:41,Utilisateur:Salebot,TRUE
73476273,87.236.194.158,2011-12-24T00:51:08,François Berléand,TRUE
56410235,188.40.135.241,2010-08-23T12:02:16,Pierre Pascal,TRUE
75840608,95.96.189.177,2012-02-20T19:43:31,Modèle:Harv,TRUE
75831703,88.198.100.230,2012-02-20T15:39:06,Modèle:Référence Harvard sans parenthèses,TRUE
71025553,174.138.169.218,2011-10-12T17:55:45,IDF1,TRUE
56537351,208.53.142.37,2010-08-27T10:49:54,Poker Hall of Fame,TRUE
56596320,216.86.61.205,2010-08-29T09:59:53,Portail:Résistance française,TRUE
78543789,95.211.10.3,2012-05-10T10:58:51,Digital Audio Access Protocol,TRUE
86144329,74.120.13.132,2012-12-05T00:24:11,Grand Prix automobile d'Allemagne 1952,TRUE
52166139,76.244.157.168,2010-04-13T12:36:41,Antoine Najm,TRUE
52250670,75.30.97.142,2010-04-15T15:31:25,Antoine Najm,TRUE
54684692,212.116.83.110,2010-06-27T06:24:56,Discussion utilisateur:Addacat/20,TRUE
74960520,178.143.117.23,2012-01-30T22:14:00,Christopher Masterson,TRUE
86697862,62.212.82.118,2012-12-18T23:58:58,Discussion utilisateur:Konstantinos,TRUE
89719850,199.233.236.248,2013-03-10T23:26:18,Grand Prix de Belgique de Champ Car,TRUE
82285674,90.146.31.107,2012-08-24T16:35:59,Nicole Loraux,TRUE
56183557,208.53.142.38,2010-08-15T21:32:54,Tokio Hotel,TRUE
56183590,208.53.142.38,2010-08-15T21:34:07,Tokio Hotel,TRUE
56183695,208.53.142.38,2010-08-15T21:37:45,Tokio Hotel,TRUE
71520885,88.198.100.230,2011-10-27T23:38:51,Discussion:Raul Hilberg,TRUE
56600903,217.115.137.221,2010-08-29T12:58:10,Syndrome de la goyave de France,TRUE
56600993,92.241.190.197,2010-08-29T13:01:34,Syndrome de la goyave de France,TRUE
87240198,89.187.142.208,2013-01-04T00:07:59,Modèle:Infobox Pilote,TRUE
87240921,204.124.83.132,2013-01-04T00:39:40,Modèle:Infobox Pilote,TRUE
87277710,96.44.189.102,2013-01-04T23:02:40,Modèle:Infobox Pilote,TRUE
87319204,62.212.82.118,2013-01-06T01:07:56,Modèle:Infobox Pilote,TRUE
87545786,113.212.96.199,2013-01-11T23:39:36,Modèle:Infobox Pilote,TRUE
57578557,91.213.50.235,2010-09-29T11:46:04,Frédéric Pietruszka,TRUE
54096613,82.228.211.174,2010-06-08T17:02:20,Discographie des Melvins,TRUE
54921054,82.227.76.76,2010-07-04T14:42:42,Métabolisme méthanogène,TRUE
74716152,78.47.197.1,2012-01-24T15:24:15,Snowboard,TRUE
87545118,97.94.230.8,2013-01-11T23:15:34,Discussion Projet:Sport automobile,TRUE
88938507,74.3.165.39,2013-02-18T00:35:06,Discussion Projet:Sport automobile,TRUE
85412777,46.167.245.50,2012-11-17T00:42:42,Lycée Fabert,TRUE
85412832,108.174.195.211,2012-11-17T00:45:36,Lycée Fabert,TRUE
71498553,199.48.147.45,2011-10-27T09:42:30,Jacques Attali,TRUE
88991399,89.22.97.70,2013-02-19T10:46:19,Modèle:Palette Alfa Romeo,TRUE
56600556,83.169.11.67,2010-08-29T12:47:27,Liste de termes d'argot Internet,TRUE
52190850,213.220.233.230,2010-04-14T01:52:32,Taxe de cacheroute,TRUE
72651887,173.254.216.68,2011-11-30T13:18:50,Pierre Vidal-Naquet,TRUE
87240960,204.124.83.132,2013-01-04T00:41:25,Rudolf Caracciola,TRUE
87316898,62.212.82.118,2013-01-05T23:31:26,Rudolf Caracciola,TRUE
87319213,62.212.82.118,2013-01-06T01:08:47,Rudolf Caracciola,TRUE
88657653,23.25.135.9,2013-02-11T18:00:34,Rudolf Caracciola,TRUE
89018557,94.254.2.145,2013-02-19T23:15:27,Rudolf Caracciola,TRUE
89499660,213.220.233.12,2013-03-04T12:58:30,Rudolf Caracciola,TRUE
89871027,108.163.156.56,2013-03-12T21:06:49,Rudolf Caracciola,TRUE
90133780,204.11.50.131,2013-03-14T14:32:07,Rudolf Caracciola,TRUE
54736424,92.160.118.167,2010-06-28T21:17:56,Kaká,TRUE
69116158,77.247.181.163,2011-09-01T19:47:02,Jesse McCartney,TRUE
69050890,192.251.226.205,2011-08-31T04:16:46,Mesut Özil,TRUE
54031862,96.249.154.94,2010-06-06T20:36:02,Violence conjugale,TRUE
54210067,83.170.92.9,2010-06-12T02:06:50,Violence conjugale,TRUE
54210197,65.120.238.5,2010-06-12T02:21:33,Violence conjugale,TRUE
79370290,166.70.154.130,2012-06-02T20:33:34,Jean-Paul Ney,TRUE
53743727,86.71.110.23,2010-05-29T12:27:01,Saison 5 de Nouvelle Star,TRUE
88794354,77.109.139.87,2013-02-14T23:14:45,Valérie Bénaïm,TRUE
88794387,77.109.139.87,2013-02-14T23:15:42,Valérie Bénaïm,TRUE
56741860,174.36.199.203,2010-09-02T19:23:00,BB Brunes,TRUE
56741908,174.36.199.203,2010-09-02T19:24:27,BB Brunes,TRUE
56741959,174.36.199.203,2010-09-02T19:25:57,BB Brunes,TRUE
56742099,174.36.199.200,2010-09-02T19:30:54,BB Brunes,TRUE
56742208,174.36.199.200,2010-09-02T19:34:12,BB Brunes,TRUE
56742268,174.36.199.200,2010-09-02T19:36:22,BB Brunes,TRUE
89719355,81.169.155.246,2013-03-10T23:05:46,Grand Prix de Grande-Bretagne de Champ Car,TRUE
54626604,92.160.84.140,2010-06-24T23:33:53,Urban Legend (série de films),TRUE
74256403,77.79.6.37,2012-01-12T17:25:24,Henrijean,TRUE
55999302,92.160.86.247,2010-08-10T00:23:11,Spartatouille,TRUE
89702475,185.5.173.185,2013-03-10T13:49:26,Aymeric Caron,TRUE
89745992,199.233.236.248,2013-03-11T18:58:06,Aymeric Caron,TRUE
89477524,62.44.101.39,2013-03-03T20:35:15,Modèle:Bibliographie de la Formule 1,TRUE
55885420,94.23.44.129,2010-08-05T20:18:53,Jiwa,TRUE
61355556,173.35.188.196,2011-01-17T04:22:03,Classe Papa,TRUE
82463355,96.47.226.21,2012-08-29T16:07:30,Marcel Violet,TRUE
75815493,85.21.78.23,2012-02-20T05:51:08,Modèle:Vers,TRUE
75831230,184.82.107.166,2012-02-20T15:27:17,Modèle:Vers,TRUE
75840625,95.96.189.177,2012-02-20T19:43:56,Modèle:Vers,TRUE
75840743,81.170.186.175,2012-02-20T19:47:39,Modèle:Vers,TRUE
80642601,67.23.181.237,2012-07-09T15:40:12,Matheo Capelli,TRUE
80642669,67.23.181.237,2012-07-09T15:42:05,Matheo Capelli,TRUE
80642785,67.23.181.237,2012-07-09T15:46:04,Matheo Capelli,TRUE
80644274,109.191.164.246,2012-07-09T16:30:22,Matheo Capelli,TRUE
80644455,109.191.164.246,2012-07-09T16:36:06,Matheo Capelli,TRUE
80649490,95.211.153.115,2012-07-09T19:26:55,Matheo Capelli,TRUE
80650534,212.84.206.250,2012-07-09T19:59:05,Matheo Capelli,TRUE
72583383,216.250.125.138,2011-11-28T13:14:14,Stanley Lord,TRUE
72583594,199.48.147.45,2011-11-28T13:22:51,Stanley Lord,TRUE
56588089,137.56.163.64,2010-08-28T23:24:54,Discussion:Français (peuple)/Suppression,TRUE
56588174,173.193.219.190,2010-08-28T23:30:26,Discussion:Français (peuple)/Suppression,TRUE
76858151,83.246.143.86,2012-03-20T23:26:15,Discussion:Thé Oolong,TRUE
55372337,173.244.197.209,2010-07-19T16:55:24,PokerStars,TRUE
56536884,213.229.109.203,2010-08-27T10:32:14,PokerStars,TRUE
89581677,74.120.12.135,2013-03-06T16:28:35,Église bosnienne,TRUE
89581885,80.83.125.205,2013-03-06T16:34:37,Église bosnienne,TRUE
89581916,80.83.125.205,2013-03-06T16:35:28,Église bosnienne,TRUE
88834581,85.24.184.226,2013-02-15T22:47:19,Discussion utilisateur:Zandr4,TRUE
74927495,199.48.147.45,2012-01-30T06:42:58,Maroc Telecom,TRUE
74928098,77.79.6.102,2012-01-30T07:14:17,Maroc Telecom,TRUE
74929378,96.44.163.77,2012-01-30T08:02:59,Maroc Telecom,TRUE
65482623,74.120.15.150,2011-05-18T16:31:49,Maurice Binder,TRUE
69229674,87.236.194.158,2011-09-04T20:03:47,Tours de Levallois,TRUE
69760002,74.120.12.140,2011-09-16T20:59:21,Tours de Levallois,TRUE
82454141,217.211.254.207,2012-08-29T11:20:19,Les Orgues de l'enfer,TRUE
87240158,89.187.142.208,2013-01-04T00:06:33,Modèle:Infobox Pilote/Documentation,TRUE
87240912,204.124.83.132,2013-01-04T00:39:22,Modèle:Infobox Pilote/Documentation,TRUE
90921156,178.18.17.204,2013-03-19T21:03:42,Stéphanie Crayencour,TRUE
55245323,82.67.120.182,2010-07-15T06:37:27,Lys Noir,TRUE
55356352,82.67.120.182,2010-07-19T06:30:39,Lys Noir,TRUE
87507753,93.114.43.156,2013-01-10T23:02:54,Modèle:Infobox Châssis sport-automobile,TRUE
87545092,97.94.230.8,2013-01-11T23:14:45,Modèle:Infobox Châssis sport-automobile,TRUE
87507763,93.114.43.156,2013-01-10T23:03:22,Modèle:Infobox Châssis sport-automobile/Documentation,TRUE
71496685,208.110.65.123,2011-10-27T08:34:34,Discographie de Nâdiya,TRUE
77438798,37.59.82.50,2012-04-07T22:37:59,The Pirate Bay,TRUE
55865676,92.160.94.252,2010-08-05T07:04:41,Shōko Nakagawa,TRUE
75836190,176.9.53.41,2012-02-20T17:37:45,Forum mondial de l'eau,TRUE
75836331,176.9.53.41,2012-02-20T17:41:48,Forum mondial de l'eau,TRUE
72921892,84.72.135.43,2011-12-07T21:05:35,Linagora,TRUE
75815448,96.44.163.76,2012-02-20T05:45:39,Modèle:CLI,TRUE
75831991,88.198.100.230,2012-02-20T15:46:44,Modèle:CLI,TRUE
75840658,95.96.189.177,2012-02-20T19:44:50,Modèle:CLI,TRUE
75815499,85.21.78.23,2012-02-20T05:51:56,Modèle:SDA,TRUE
75831181,184.82.107.166,2012-02-20T15:26:06,Modèle:SDA,TRUE
75840620,95.96.189.177,2012-02-20T19:43:46,Modèle:SDA,TRUE
75831379,85.24.188.130,2012-02-20T15:31:32,Modèle:Lettres-JRRT,TRUE
75840642,95.96.189.177,2012-02-20T19:44:28,Modèle:Lettres-JRRT,TRUE
57828977,91.213.50.235,2010-10-06T21:16:49,Utilisateur:Nakor,TRUE
73465016,89.248.174.73,2011-12-23T18:44:34,Lapin,TRUE
70690808,199.48.147.46,2011-10-02T20:29:49,M6,TRUE
80688758,217.78.4.88,2012-07-10T22:28:47,Le Garçon au pyjama rayé,TRUE
80688791,217.78.4.88,2012-07-10T22:29:53,Le Garçon au pyjama rayé,TRUE
56153365,90.30.12.144,2010-08-14T22:46:08,Biodiversité,TRUE
56153398,90.30.12.144,2010-08-14T22:47:34,Biodiversité,TRUE
60855830,90.16.156.14,2011-01-02T18:15:56,Loi d'orientation et de programmation pour la performance de la sécurité intérieure,TRUE
56884686,137.56.163.64,2010-09-07T14:10:17,Discussion utilisateur:Awkiku,TRUE
56654776,137.56.163.64,2010-08-31T02:35:52,Barsacq,TRUE
56654818,137.56.163.64,2010-08-31T02:42:47,Barsacq,TRUE
74937416,96.44.163.77,2012-01-30T11:36:08,Témiscouata-sur-le-Lac,TRUE
119240803,213.245.61.61,2015-10-05T20:25:02,Noëlle Bréham,TRUE
79274302,195.191.54.176,2012-05-31T09:40:23,Discussion:DJ Arafat,TRUE
58782154,92.160.67.101,2010-11-03T16:29:31,Victoria Newman,TRUE
56375616,92.160.64.65,2010-08-22T04:11:34,Lisa Origliasso,TRUE
71496636,208.110.65.123,2011-10-27T08:33:02,Changer les choses,TRUE
75815471,62.217.113.46,2012-02-20T05:47:49,Modèle:Multiple image,TRUE
75840085,176.9.53.41,2012-02-20T19:27:06,Modèle:Multiple image,TRUE
75840287,176.9.53.41,2012-02-20T19:34:07,Modèle:Multiple image,TRUE
54620802,97.107.132.48,2010-06-24T20:15:15,Lycée privé Michelet (Nice),TRUE
57369542,99.18.87.65,2010-09-22T20:52:42,Lycée privé Michelet (Nice),TRUE
85365804,88.198.100.232,2012-11-15T18:30:39,Eau potable,TRUE
85366320,46.59.74.15,2012-11-15T18:44:29,Eau potable,TRUE
75831415,85.24.188.130,2012-02-20T15:32:18,Modèle:Homonymes,TRUE
74210596,89.248.174.73,2012-01-11T15:15:33,Discussion:Yankee,TRUE
74210635,89.248.174.73,2012-01-11T15:16:17,Discussion:Yankee,TRUE
87353605,96.44.189.101,2013-01-06T23:10:43,Pomme de terre,TRUE
87370738,50.136.10.80,2013-01-07T14:16:04,Pomme de terre,TRUE
87370975,50.136.10.80,2013-01-07T14:21:15,Pomme de terre,TRUE
57893389,74.208.213.82,2010-10-09T04:55:18,Wikipédia:Bac à sable/Archives de l'historique/3,TRUE
137906482,51.15.37.97,2017-06-04T01:44:02,IMG Models,TRUE
87101750,5.133.177.170,2012-12-31T11:43:59,Famille de Meeûs d'Argenteuil,TRUE
57828911,194.154.227.109,2010-10-06T21:14:05,Discussion utilisateur:Cédric Boissière,TRUE
57829070,137.56.163.46,2010-10-06T21:20:26,Discussion utilisateur:Cédric Boissière,TRUE
58114929,193.37.152.204,2010-10-15T19:14:26,Céline Dion,TRUE
58114961,193.37.152.204,2010-10-15T19:15:45,Céline Dion,TRUE
58114979,193.37.152.204,2010-10-15T19:16:15,Céline Dion,TRUE
58115071,193.37.152.204,2010-10-15T19:17:32,Céline Dion,TRUE
58115137,193.37.152.204,2010-10-15T19:18:53,Céline Dion,TRUE
71665747,88.169.166.109,2011-11-01T13:23:16,Spécialiste en valeurs du Trésor,TRUE
57805896,72.47.252.215,2010-10-06T07:31:10,Discussion utilisateur:Serein/18,TRUE
57631145,92.160.99.232,2010-09-30T21:53:46,Les Gros Cons,TRUE
89719464,81.169.155.246,2013-03-10T23:09:41,Discussion:Grand Prix de Grande-Bretagne de Champ Car,TRUE
54738926,92.160.118.167,2010-06-28T23:44:34,Ninja Assassin,TRUE
87240152,89.187.142.208,2013-01-04T00:06:20,Modèle:Infobox Course de Formule 1/Documentation,TRUE
87240201,89.187.142.208,2013-01-04T00:08:09,Modèle:Infobox Course de Formule 1/Documentation,TRUE
74829163,62.133.194.20,2012-01-27T20:25:09,Bernard-Henri Lévy,TRUE
71973828,213.251.194.76,2011-11-10T16:00:21,Tori Black,TRUE
53611631,85.17.254.135,2010-05-25T09:35:13,Wikipédia:Demande d'intervention sur une page protégée,TRUE
74798964,96.44.163.77,2012-01-26T21:55:43,Anonymous (collectif),TRUE
75815439,96.44.163.76,2012-02-20T05:45:01,Modèle:Abbr,TRUE
53612699,87.236.199.73,2010-05-25T10:16:44,Discussion utilisateur:Oyp/2010B,TRUE
57828829,98.110.180.103,2010-10-06T21:10:32,Wikipédia:Demande de restauration de page/Archives de l'historique/3,TRUE
52470205,81.94.205.173,2010-04-21T18:35:41,Utilisateur:GwenofGwened/Saison 2003-2004 du Vannes OC,TRUE
85963501,84.73.32.92,2012-11-30T20:55:26,U Arena,TRUE
54730132,62.212.67.209,2010-06-28T17:07:52,Alain Bénichou,TRUE
54730504,91.216.191.11,2010-06-28T17:21:54,Discussion:Alain Bénichou,TRUE
67626107,46.109.90.133,2011-07-20T11:36:45,Wikipédia:Requête aux administrateurs,TRUE
58793476,82.194.86.135,2010-11-03T22:06:19,Discussion:Salut (théologie)/Droit d'auteur,TRUE
58794318,62.193.228.18,2010-11-03T22:34:17,Discussion:Salut (théologie)/Droit d'auteur,TRUE
58794591,190.183.221.175,2010-11-03T22:47:14,Discussion:Salut (théologie)/Droit d'auteur,TRUE
55680749,92.160.84.136,2010-07-30T02:02:50,Saw 3D : Chapitre final,TRUE
67649956,93.182.146.42,2011-07-21T02:53:54,Gnome et Rhône 14K Mistral Major,TRUE
67649966,93.182.146.42,2011-07-21T02:54:52,Gnome et Rhône 14K Mistral Major,TRUE
67649968,93.182.146.42,2011-07-21T02:55:18,Gnome et Rhône 14K Mistral Major,TRUE
53611827,85.17.254.135,2010-05-25T09:43:16,ClicRDV,TRUE
53611321,85.17.254.135,2010-05-25T09:22:11,Discussion:ClicRDV/Suppression,TRUE
53611458,192.251.226.205,2010-05-25T09:27:14,Discussion:ClicRDV/Suppression,TRUE
54359612,87.236.199.73,2010-06-16T16:57:58,Leïla Ben Ali,TRUE
57701142,108.11.203.231,2010-10-02T23:53:16,Aide:XMPP,TRUE
53404392,82.246.129.65,2010-05-18T22:01:00,ClearOS,TRUE
70956905,199.48.147.40,2011-10-10T22:43:05,France 3 Bourgogne,TRUE
70957089,199.48.147.40,2011-10-10T22:48:14,France 3 Bourgogne,TRUE
70957622,74.120.13.132,2011-10-10T23:02:33,France 3 Bourgogne,TRUE
89477575,62.44.101.39,2013-03-03T20:36:41,Formule 1,TRUE
89479819,192.43.244.42,2013-03-03T21:36:33,Formule 1,TRUE
89480292,87.118.91.140,2013-03-03T21:51:17,Formule 1,TRUE
60935939,178.73.197.121,2011-01-04T20:32:54,Le Jour et la Nuit,TRUE
85360954,96.44.189.101,2012-11-15T16:36:30,Discussion:Marc Goldschmit/Suppression,TRUE
56595943,194.154.227.109,2010-08-29T09:44:53,Discussion utilisateur:Billnpai,TRUE
54096509,82.228.211.174,2010-06-08T16:59:37,The Bride Screamed Murder,TRUE
54096539,82.228.211.174,2010-06-08T17:00:35,The Bride Screamed Murder,TRUE
68768938,93.11.115.156,2011-08-24T00:01:57,Minuit à Paris,TRUE
56587910,72.47.252.215,2010-08-28T23:13:29,Wikipédia:Pages à supprimer/Archives de l'historique/6,TRUE
56588029,137.56.163.64,2010-08-28T23:21:00,Wikipédia:Pages à supprimer/Archives de l'historique/6,TRUE
71496509,208.110.65.123,2011-10-27T08:28:26,16/9 (album),TRUE
71496463,208.110.65.123,2011-10-27T08:27:00,La Source (album de Nâdiya),TRUE
57545017,88.198.6.155,2010-09-28T10:58:27,Mérovingiens,TRUE
56885128,137.56.163.46,2010-09-07T14:24:21,Discussion utilisateur:Moyg/08,TRUE
68999648,82.149.225.171,2011-08-29T18:05:53,.xxx,TRUE
70690881,199.48.147.46,2011-10-02T20:32:13,Rémy Pflimlin,TRUE
89466795,95.170.88.81,2013-03-03T16:25:24,Point d'indice salarial en France,TRUE
89469242,194.146.198.70,2013-03-03T17:19:54,Point d'indice salarial en France,TRUE
54975057,173.244.197.211,2010-07-05T19:09:40,Coaching CEOGM,TRUE
54975077,173.244.197.211,2010-07-05T19:10:10,Coaching CEOGM,TRUE
54975600,87.118.104.203,2010-07-05T19:21:16,Coaching CEOGM,TRUE
55004451,94.23.44.129,2010-07-06T17:21:38,Coaching CEOGM,TRUE
55179481,81.218.219.122,2010-07-12T21:21:04,Paul le poulpe,TRUE
55456736,61.32.46.3,2010-07-22T09:25:35,"Avatar, le dernier maître de l'air",TRUE
117369923,46.21.99.26,2015-08-01T10:51:52,Château de Hédé,TRUE
57062701,92.160.98.69,2010-09-13T04:24:46,Love the Way You Lie,TRUE
125547717,82.228.252.20,2016-04-23T20:42:43,Liste des musées du Var,TRUE
125547937,82.228.252.20,2016-04-23T20:50:41,Liste des musées du Var,TRUE
125548198,82.228.252.20,2016-04-23T21:02:24,Liste des musées du Var,TRUE
125549304,82.228.252.20,2016-04-23T21:44:25,Liste des musées du Var,TRUE
56596524,84.22.122.5,2010-08-29T10:07:21,Discussion:Hervé Bohbot/Suppression,TRUE
56830551,213.229.109.203,2010-09-05T18:54:10,Discussion:Groupes ethniques en France/Suppression,TRUE
75815364,96.44.163.76,2012-02-20T05:37:27,Modèle:Coll.,TRUE
75815398,96.44.163.76,2012-02-20T05:40:04,Modèle:Coll.,TRUE
57828943,194.154.227.109,2010-10-06T21:15:24,Discussion utilisateur:Nakor/Archives2010Q4,TRUE
57969325,195.64.140.190,2010-10-11T08:34:23,Libcast,TRUE
70686453,93.182.132.100,2011-10-02T17:47:30,Bitcoin,TRUE
50802816,82.229.227.1,2010-03-05T17:06:31,Montgeron,TRUE
69034768,199.48.147.37,2011-08-30T17:13:42,Canardo (rappeur),TRUE
87017919,194.187.150.98,2012-12-28T23:23:47,Famille Nothomb,TRUE
87034511,63.234.226.151,2012-12-29T15:23:29,Famille Nothomb,TRUE
87319233,62.212.82.118,2013-01-06T01:10:14,Utilisateur:Topi.Be/Brouillon,TRUE
74693470,96.44.163.75,2012-01-23T21:45:30,Discussion utilisateur:Handcloud,TRUE
89582154,80.83.125.205,2013-03-06T16:42:30,Royaume de Bosnie,TRUE
88657552,23.25.135.9,2013-02-11T17:57:40,Brabham BT49,TRUE
88668691,37.153.194.171,2013-02-11T22:50:54,Brabham BT49,TRUE
63269366,82.229.219.5,2011-03-17T01:27:36,Accident nucléaire de Fukushima,TRUE
69060080,78.31.70.182,2011-08-31T11:39:43,Transformice,TRUE
75831731,88.198.100.230,2012-02-20T15:39:55,Modèle:Et al.,TRUE
75840359,81.2.197.33,2012-02-20T19:36:38,Modèle:Et al.,TRUE
75831457,85.24.188.130,2012-02-20T15:33:14,Modèle:Carpenter - Tolkien,TRUE
88972730,80.219.71.168,2013-02-18T19:58:49,Richard Bauckham,TRUE
88657542,23.25.135.9,2013-02-11T17:57:31,Brabham BT46,TRUE
88668704,37.153.194.171,2013-02-11T22:51:14,Brabham BT46,TRUE
89717724,77.97.32.95,2013-03-10T22:03:00,Grand Prix automobile de Monza,TRUE
133426441,45.63.100.91,2017-01-07T17:11:31,Football Athlétic Club de Nice,TRUE
81378943,198.100.145.95,2012-07-30T03:32:10,Gouvernement de la Tunisie,TRUE
78863860,144.206.162.15,2012-05-19T17:05:26,Wikipédia:Bac à sable,TRUE
88978111,91.100.27.63,2013-02-18T22:26:05,Modèle:Palette GP Formule 1 1982,TRUE
68972489,95.182.223.67,2011-08-29T06:12:14,Discussion:Shaman,TRUE
77619469,176.31.15.236,2012-04-12T21:32:24,Immeuble 64 rue Carnot (Rambervillers),TRUE
77619495,176.31.15.236,2012-04-12T21:33:18,Immeuble 64 rue Carnot (Rambervillers),TRUE
88968659,89.163.171.250,2013-02-18T18:14:53,Arts²,TRUE
82581187,139.165.123.31,2012-09-01T19:57:51,Le Bleuet,TRUE
82581509,139.165.123.31,2012-09-01T20:04:02,Le Bleuet,TRUE
88658089,86.144.29.25,2013-02-11T18:11:15,Brabham BT19,TRUE
88668726,37.153.194.171,2013-02-11T22:52:01,Brabham BT19,TRUE
89500538,46.166.185.70,2013-03-04T13:20:56,Brabham BT19,TRUE
72265441,81.169.173.120,2011-11-18T17:10:54,Wikipédia:Le Bistro/18 novembre 2011,TRUE
72266429,173.254.192.35,2011-11-18T17:44:52,Wikipédia:Le Bistro/18 novembre 2011,TRUE
72267074,50.73.33.37,2011-11-18T18:06:21,Wikipédia:Le Bistro/18 novembre 2011,TRUE
72267440,83.200.144.55,2011-11-18T18:22:23,Wikipédia:Le Bistro/18 novembre 2011,TRUE
72267515,208.75.88.34,2011-11-18T18:25:57,Wikipédia:Le Bistro/18 novembre 2011,TRUE
72267691,209.236.66.136,2011-11-18T18:33:52,Wikipédia:Le Bistro/18 novembre 2011,TRUE
72268021,194.38.116.180,2011-11-18T18:45:46,Wikipédia:Le Bistro/18 novembre 2011,TRUE
72268242,89.163.171.250,2011-11-18T18:53:38,Wikipédia:Le Bistro/18 novembre 2011,TRUE
72583627,199.48.147.45,2011-11-28T13:23:52,Incident frontalier afghano-pakistanais du 26 novembre 2011,TRUE
72747771,206.253.164.169,2011-12-03T01:29:16,Marc André Bernier,TRUE
89756117,198.12.67.151,2013-03-11T22:44:30,Modèle:Portail São Paulo,TRUE
89756726,112.149.208.204,2013-03-11T22:57:28,Modèle:Catégorie São Paulo,TRUE
89756111,198.12.67.151,2013-03-11T22:44:23,Portail:São Paulo/Présentation,TRUE
99935465,85.214.52.156,2014-01-05T15:03:55,Discussion utilisateur:David-suisse/Archive 1,TRUE
84988668,77.246.237.98,2012-11-05T23:54:06,Gilles Jacquier,TRUE
75831657,88.198.100.230,2012-02-20T15:37:51,Modèle:Documentation,TRUE
89723374,212.232.24.57,2013-03-11T03:07:29,Course du Maroc des voitures de tourisme,TRUE
89458516,87.64.188.188,2013-03-03T12:13:45,Looney Tunes Show,TRUE
89549227,109.236.142.37,2013-03-05T19:27:31,Looney Tunes Show,TRUE
75815508,85.21.78.23,2012-02-20T05:53:17,Wikipédia:Lumière sur/Mauna Ulu,TRUE
83048571,217.115.137.222,2012-09-15T20:07:51,Nous York,TRUE
83048715,217.115.10.131,2012-09-15T20:11:17,Nous York,TRUE
75815236,88.80.28.70,2012-02-20T05:22:54,Modèle:Nombre herpétologie,TRUE
75815252,88.80.28.70,2012-02-20T05:24:47,Modèle:Nombre herpétologie,TRUE
89719351,81.169.155.246,2013-03-10T23:05:30,Grand Prix automobile de São Paulo,TRUE
99935568,85.214.52.156,2014-01-05T15:06:37,Wikipédia:Patrouille RC,TRUE
80222779,95.211.153.115,2012-06-27T10:49:44,"Intelligent information system supporting observation, searching and detection for security of citizens in urban environment",TRUE
89767231,79.174.197.129,2013-03-12T08:55:37,BlueMind (logiciel),TRUE
89211329,93.104.213.28,2013-02-24T23:58:12,SMS Regensburg,TRUE
89433326,66.146.193.31,2013-03-02T18:34:57,Opération Gold,TRUE
89433410,66.146.193.31,2013-03-02T18:37:09,Opération Gold,TRUE
120606107,90.61.114.153,2015-11-18T16:12:57,Lego,TRUE
81514046,84.55.117.251,2012-08-03T03:12:37,Nestor Monastyrev,TRUE
89499638,213.220.233.12,2013-03-04T12:57:46,Grand Prix automobile de Milan 1937,TRUE
89499625,213.220.233.12,2013-03-04T12:57:27,Grand Prix automobile de Marseille 1946,TRUE
80644621,95.211.153.115,2012-07-09T16:40:45,Discussion utilisateur:82.123.52.98,TRUE
82506687,217.115.10.132,2012-08-30T21:05:42,Discussion:Philippe Ballard/Suppression,TRUE
85409993,78.108.63.44,2012-11-16T22:32:49,Catherine Vidal,TRUE
85410093,78.108.63.44,2012-11-16T22:37:14,Catherine Vidal,TRUE
85410106,78.108.63.44,2012-11-16T22:37:49,Catherine Vidal,TRUE
86236547,85.93.218.204,2012-12-07T00:27:20,Discussion:Pierre Ier (empereur du Brésil)/Article de qualité,TRUE
86236606,85.93.218.204,2012-12-07T00:29:04,Discussion:Pierre Ier (empereur du Brésil)/Article de qualité,TRUE
86236648,85.93.218.204,2012-12-07T00:30:09,Discussion:Pierre Ier (empereur du Brésil)/Article de qualité,TRUE
86236702,85.93.218.204,2012-12-07T00:31:46,Discussion:Pierre Ier (empereur du Brésil)/Article de qualité,TRUE
86412004,93.114.40.194,2012-12-10T23:14:14,Discussion:Pierre Ier (empereur du Brésil)/Article de qualité,TRUE
86442696,96.44.189.102,2012-12-11T20:49:22,Discussion:Pierre Ier (empereur du Brésil)/Article de qualité,TRUE
86443309,96.44.189.102,2012-12-11T21:06:06,Discussion:Pierre Ier (empereur du Brésil)/Article de qualité,TRUE
86447259,63.141.201.68,2012-12-11T23:19:17,Discussion:Pierre Ier (empereur du Brésil)/Article de qualité,TRUE
86410205,37.153.194.171,2012-12-10T22:15:53,Grands Prix automobiles de la saison 1908,TRUE
89061026,66.146.193.31,2013-02-20T23:51:41,Accord commercial germano-soviétique de 1939,TRUE
89072928,91.213.8.84,2013-02-21T10:35:51,Accord commercial germano-soviétique de 1939,TRUE
89096661,77.109.139.87,2013-02-21T22:46:47,Accord commercial germano-soviétique de 1939,TRUE
89207423,82.143.224.56,2013-02-24T21:40:06,Accord commercial germano-soviétique de 1939,TRUE
89210339,204.83.72.148,2013-02-24T23:12:49,Accord commercial germano-soviétique de 1939,TRUE
88938157,93.115.241.2,2013-02-18T00:22:51,Discussion:Kurt Ahrens,TRUE
88938170,93.115.241.2,2013-02-18T00:23:25,Bob Bondurant,TRUE
88938254,93.115.241.2,2013-02-18T00:26:02,Bob Bondurant,TRUE
88938281,93.115.241.2,2013-02-18T00:27:04,Bob Bondurant,TRUE
88949010,84.55.117.251,2013-02-18T10:11:22,Bob Bondurant,TRUE
88938184,93.115.241.2,2013-02-18T00:23:55,Discussion:Bob Bondurant,TRUE
89096767,93.114.43.156,2013-02-21T22:50:36,Discussion:Accord commercial germano-soviétique de 1939,TRUE
94720073,82.67.62.169,2013-07-05T16:38:13,Wikipédia:WikiPermanence/Grenoble,TRUE
89719418,81.169.155.246,2013-03-10T23:07:57,Discussion:Grand Prix automobile de São Paulo,TRUE
101414752,94.185.85.171,2014-02-19T23:56:10,American Bluff,TRUE
140471344,83.220.174.128,2017-09-08T20:05:05,Olivier Gay,TRUE
140471410,83.220.174.128,2017-09-08T20:07:57,Olivier Gay,TRUE
95640208,82.67.62.169,2013-08-07T21:24:53,Digue d'enceinte de Caderousse,TRUE
128413958,149.56.110.7,2016-08-05T15:19:09,Journée internationale de la bière,TRUE
139801133,83.220.174.128,2017-08-16T14:53:10,Utilisateur:Lomita/Wikipedia bonheur,TRUE
127639610,147.175.187.143,2016-07-06T17:16:40,Xavier Valls,TRUE
107506793,193.138.219.229,2014-09-16T15:46:33,Nico & Vinz,TRUE
108450133,193.138.219.228,2014-10-23T09:13:19,Dash (crypto-monnaie),TRUE
108450216,193.138.219.228,2014-10-23T09:16:44,Dash (crypto-monnaie),TRUE
108450325,193.138.219.228,2014-10-23T09:20:57,Dash (crypto-monnaie),TRUE
142937546,85.204.74.139,2017-11-26T05:33:02,Pili Groyne,TRUE
119489511,78.218.82.127,2015-10-14T14:20:24,CMA CGM Bougainville,TRUE
120606661,90.61.114.153,2015-11-18T16:36:32,Discussion utilisateur:90.61.114.153,TRUE
139903952,5.157.7.43,2017-08-20T04:50:52,Mariella Mehr,TRUE
137906437,51.15.37.97,2017-06-04T01:38:43,Thylane Blondeau,TRUE
135377573,188.120.228.46,2010-03-09T19:40:46,Utilisateur:AntonierCH/Brouillon/WP:Contributions tendancieuses,TRUE
135377575,213.114.116.149,2010-03-13T21:55:14,Utilisateur:AntonierCH/Brouillon/WP:Contributions tendancieuses,TRUE
135377577,213.114.127.229,2010-03-14T00:38:10,Utilisateur:AntonierCH/Brouillon/WP:Contributions tendancieuses,TRUE
139782123,82.228.252.20,2017-08-15T21:17:35,Liste des musées des Alpes-Maritimes,TRUE
88534194,46.166.174.209,2013-02-08T12:54:48,Anime,TRUE
88682845,199.115.114.66,2013-02-12T10:25:39,Anime,TRUE
88683183,46.166.168.105,2013-02-12T10:34:04,Anime,TRUE
91628012,77.64.174.191,2013-04-03T02:40:05,Cinéma japonais,TRUE
88358076,24.6.253.27,2013-02-03T15:51:48,Christiane Taubira,TRUE
55964449,62.58.108.142,2010-08-08T19:25:27,Cameroun,TRUE
55964514,62.58.108.142,2010-08-08T19:28:57,Cameroun,TRUE
88253376,109.202.102.117,2013-01-31T16:14:52,Cyberpunk,TRUE
88253430,109.202.102.117,2013-01-31T16:16:06,Cyberpunk,TRUE
57251901,92.241.190.188,2010-09-19T08:31:26,Europe,TRUE
82875339,78.46.119.2,2012-09-10T14:02:27,GNU,TRUE
75815378,96.44.163.76,2012-02-20T05:38:10,Français,TRUE
59034049,82.239.236.193,2010-11-10T16:38:11,MD5,TRUE
59034397,82.239.236.193,2010-11-10T16:47:02,MD5,TRUE
88988401,212.63.218.1,2013-02-19T09:18:48,Nicolas Copernic,TRUE
72815661,82.137.200.52,2011-12-04T21:37:33,Windows 98,TRUE
53048311,64.62.196.24,2010-05-08T09:53:18,9 mai,TRUE
69341309,209.236.66.108,2011-09-07T16:58:28,12 octobre,TRUE
69341381,209.236.66.108,2011-09-07T17:00:55,12 octobre,TRUE
69341367,209.236.66.108,2011-09-07T17:00:42,19 octobre,TRUE
54037300,193.107.16.217,2010-06-06T23:48:30,Économie de l'Argentine,TRUE
88316581,217.70.144.63,2013-02-02T12:45:45,Samouraï,TRUE
86761253,68.69.169.131,2012-12-20T18:46:12,Amélie Nothomb,TRUE
70658188,195.240.175.88,2011-10-01T20:40:30,Pierre-André Taguieff,TRUE
55937034,38.108.126.172,2010-08-07T17:01:58,Yves Bur,TRUE
55937326,208.53.142.42,2010-08-07T17:12:44,Yves Bur,TRUE
78610446,204.12.227.110,2012-05-12T12:49:18,François Hollande,TRUE
78610482,204.12.227.110,2012-05-12T12:50:08,François Hollande,TRUE
74583186,109.64.223.112,2012-01-20T23:25:18,Alain Joyandet,TRUE
85108742,204.124.83.131,2012-11-09T11:03:27,Manuel Valls,TRUE
82459497,60.242.34.204,2012-08-29T14:07:06,Cisjordanie,TRUE
56253876,209.107.217.119,2010-08-18T02:06:32,1204,TRUE
64388477,93.182.137.61,2011-04-16T08:35:50,Quentin Tarantino,TRUE
87240244,89.187.142.208,2013-01-04T00:09:25,Juan Manuel Fangio,TRUE
52991651,212.42.236.140,2010-05-06T16:51:38,Manifestations de la place Tian'anmen,TRUE
52991792,87.118.104.203,2010-05-06T16:55:25,Manifestations de la place Tian'anmen,TRUE
52992259,61.32.46.3,2010-05-06T17:07:24,Manifestations de la place Tian'anmen,TRUE
52075443,24.249.130.132,2010-04-10T19:48:34,Conjecture de Syracuse,TRUE
55475162,92.160.84.26,2010-07-22T21:22:21,Neon Genesis Evangelion,TRUE
85046412,96.44.189.100,2012-11-07T17:41:31,Hockey sur glace,TRUE
85046476,195.37.190.67,2012-11-07T17:43:24,Hockey sur glace,TRUE
69059701,109.75.178.93,2011-08-31T11:30:21,Liste de bâtards,TRUE
57252670,160.36.180.227,2010-09-19T09:03:00,Bicyclette,TRUE
57252917,194.154.227.109,2010-09-19T09:10:53,Bicyclette,TRUE
65473394,84.202.110.107,2011-05-18T12:14:10,Camembert de Normandie,TRUE
65474536,80.237.226.73,2011-05-18T12:48:17,Camembert de Normandie,TRUE
124233717,198.27.119.92,2016-03-11T00:14:16,Whisky,TRUE
57788204,90.19.1.48,2010-10-05T16:47:27,Pain,TRUE
73164150,89.248.174.73,2011-12-15T09:06:16,Pain,TRUE
54386601,87.236.199.73,2010-06-17T12:47:14,Emmanuel Kant,TRUE
72427932,129.194.8.73,2011-11-23T14:37:04,Chabbat,TRUE
70690072,122.155.3.145,2011-10-02T20:03:09,France 2,TRUE
70692128,80.237.226.73,2011-10-02T21:15:45,France 2,TRUE
70692236,80.237.226.73,2011-10-02T21:19:19,France 2,TRUE
70694952,85.252.88.50,2011-10-02T23:59:34,France 3,TRUE
70714773,46.165.196.182,2011-10-03T17:28:23,France 3,TRUE
70691703,209.236.66.108,2011-10-02T21:01:20,France 5,TRUE
70690994,199.48.147.46,2011-10-02T20:36:48,Office de radiodiffusion-télévision française,TRUE
70696366,128.6.224.107,2011-10-03T02:08:07,Office de radiodiffusion-télévision française,TRUE
70696376,128.6.224.107,2011-10-03T02:09:30,Office de radiodiffusion-télévision française,TRUE
53859353,209.151.236.27,2010-06-01T19:58:15,Villeneuve-d'Ascq,TRUE
65144409,93.22.114.182,2011-05-08T13:28:31,Jean Moulin,TRUE
101572623,94.103.175.85,2014-02-25T01:50:07,Représentation,TRUE
89757470,91.206.27.30,2013-03-11T23:12:26,São Paulo,TRUE
75815268,88.80.28.70,2012-02-20T05:26:04,Boromir,TRUE
75815545,82.149.225.171,2012-02-20T05:57:21,Boromir,TRUE
75831003,184.82.107.166,2012-02-20T15:21:03,Boromir,TRUE
75840285,176.9.53.41,2012-02-20T19:34:04,Boromir,TRUE
88314551,198.98.53.83,2013-02-02T11:43:40,Ninja,TRUE
57405900,88.161.100.184,2010-09-23T22:10:52,Tectonique des plaques,TRUE
70695067,173.254.216.66,2011-10-03T00:07:49,RTL9,TRUE
70695102,173.254.216.66,2011-10-03T00:10:33,RTL9,TRUE
70695172,173.254.216.66,2011-10-03T00:17:02,RTL9,TRUE
88383733,213.171.220.40,2013-02-04T10:41:28,Costume traditionnel,TRUE
54684645,212.116.83.110,2010-06-27T06:19:00,Christologie,TRUE
71859265,199.48.147.41,2011-11-07T00:03:09,Vinci (entreprise),TRUE
67363887,92.138.203.53,2011-07-11T22:24:11,Saulxures-sur-Moselotte,TRUE
57620144,87.100.81.14,2010-09-30T16:28:43,Total (entreprise),TRUE
89631551,88.198.75.70,2013-03-08T01:18:00,Joseph Siffert,TRUE
90134026,204.11.50.131,2013-03-14T14:35:14,Joseph Siffert,TRUE
88255480,89.22.97.70,2013-01-31T17:13:03,Yoshiaki Kawajiri,TRUE
86354290,37.130.227.133,2012-12-09T16:48:03,Vénissieux,TRUE
86354569,96.44.189.102,2012-12-09T16:53:39,Vénissieux,TRUE
86354824,96.44.189.100,2012-12-09T16:57:50,Vénissieux,TRUE
69246955,87.236.194.191,2011-09-05T11:41:22,Levallois-Perret,TRUE
84586990,85.24.188.250,2012-10-25T20:17:46,Alto (instrument à cordes),TRUE
84622296,217.10.40.69,2012-10-26T22:03:04,Alto (instrument à cordes),TRUE
84622647,88.198.14.171,2012-10-26T22:16:13,Alto (instrument à cordes),TRUE
55685806,192.251.226.206,2010-07-30T09:15:25,Thales,TRUE
57366164,188.118.196.40,2010-09-22T19:22:03,Philippe Marini,TRUE
57194869,78.228.117.53,2010-09-17T11:18:11,Hoplite,TRUE
53263737,81.57.79.150,2010-05-14T15:15:07,Éric et Ramzy,TRUE
54761336,94.23.63.133,2010-06-29T18:37:13,Rire,TRUE
54761347,94.23.63.133,2010-06-29T18:37:41,Rire,TRUE
52395190,77.249.215.53,2010-04-19T17:20:21,Christopher Walken,TRUE
86395572,178.18.17.111,2012-12-10T15:28:21,Pingouin,TRUE
61355468,173.35.188.196,2011-01-17T04:08:22,K-141 Koursk,TRUE
75783556,46.105.116.218,2012-02-19T10:53:43,Centrale nucléaire,TRUE
75785385,46.105.116.218,2012-02-19T11:53:16,Centrale nucléaire,TRUE
75942753,65.205.80.112,2012-02-23T12:37:58,Centrale nucléaire,TRUE
87023972,95.24.40.163,2012-12-29T09:53:03,Jean-Luc Delarue,TRUE
87240234,89.187.142.208,2013-01-04T00:09:07,Jack Brabham,TRUE
88668717,37.153.194.171,2013-02-11T22:51:44,Jack Brabham,TRUE
89500520,46.166.185.70,2013-03-04T13:20:34,Jack Brabham,TRUE
90134102,204.11.50.131,2013-03-14T14:37:16,Jack Brabham,TRUE
86234061,96.44.189.102,2012-12-06T23:04:57,Montcuq,TRUE
88218190,80.219.71.168,2013-01-30T16:54:43,Problème synoptique,TRUE
88224495,80.219.71.168,2013-01-30T20:04:56,Problème synoptique,TRUE
125553674,82.228.252.20,2016-04-24T01:35:21,Liste de musées en France,TRUE
125553728,82.228.252.20,2016-04-24T01:40:07,Liste de musées en France,TRUE
139781696,82.228.252.20,2017-08-15T20:59:47,Liste de musées en France,TRUE
139782183,82.228.252.20,2017-08-15T21:20:32,Liste de musées en France,TRUE
53003282,80.239.147.20,2010-05-06T22:52:27,Iconoclasme,TRUE
74333150,82.137.200.52,2012-01-14T16:58:13,Rock (film),TRUE
124233683,198.27.119.92,2016-03-11T00:12:25,Baseball,TRUE
82945614,198.245.51.51,2012-09-12T15:50:09,Harlem Désir,TRUE
82945756,198.245.51.51,2012-09-12T15:52:50,Harlem Désir,TRUE
82958804,212.117.180.65,2012-09-12T21:26:21,Harlem Désir,TRUE
58371995,98.126.52.170,2010-10-23T22:37:18,Mescaline,TRUE
87240963,204.124.83.132,2013-01-04T00:41:32,Tazio Nuvolari,TRUE
87241128,204.124.83.132,2013-01-04T00:49:44,Tazio Nuvolari,TRUE
88657576,23.25.135.9,2013-02-11T17:58:16,Tazio Nuvolari,TRUE
89499666,213.220.233.12,2013-03-04T12:58:40,Tazio Nuvolari,TRUE
90148607,46.149.18.106,2013-03-14T16:14:18,Tazio Nuvolari,TRUE
80356365,89.248.173.112,2012-07-01T08:04:25,Paul Belmondo (sculpteur),TRUE
86519689,79.183.153.76,2012-12-14T09:42:48,Mirabelle,TRUE
55200489,90.34.249.225,2010-07-13T15:18:24,Carte son,TRUE
75656121,84.55.117.251,2012-02-15T23:36:38,Enrichissement de l'uranium,TRUE
55679736,217.114.211.20,2010-07-30T00:01:41,Scorpiones,TRUE
55773034,193.107.160.12,2010-08-02T08:46:18,Scorpiones,TRUE
55911026,173.30.108.160,2010-08-06T17:32:56,Scorpiones,TRUE
61179322,87.67.23.113,2011-01-11T16:15:37,Heineken,TRUE
75619644,46.163.115.187,2012-02-14T21:55:12,Droit de réponse,TRUE
75925405,178.21.113.83,2012-02-22T22:08:51,Droit de réponse,TRUE
75935508,77.79.6.37,2012-02-23T08:41:19,Droit de réponse,TRUE
75962595,89.151.196.118,2012-02-23T22:16:51,Droit de réponse,TRUE
85551353,165.254.32.192,2012-11-20T14:42:41,Discrimination,TRUE
71061471,88.182.223.7,2011-10-13T21:46:36,Lupin III,TRUE
56988133,207.162.116.1,2010-09-10T17:29:23,IEEE 754,TRUE
56988157,207.162.116.1,2010-09-10T17:30:40,IEEE 754,TRUE
53309227,76.68.234.238,2010-05-16T03:03:18,Tim Hortons,TRUE
59822316,92.145.83.159,2010-12-03T04:48:57,Pemmican,TRUE
56585782,195.71.226.87,2010-08-28T21:31:04,Les Identitaires,TRUE
57950453,88.161.100.184,2010-10-10T16:11:01,Subduction,TRUE
78154072,95.211.92.234,2012-04-29T21:58:21,Kopete,TRUE
78154501,95.211.92.234,2012-04-29T22:18:51,Kopete,TRUE
78154526,95.211.92.234,2012-04-29T22:19:52,Kopete,TRUE
78154695,95.211.92.234,2012-04-29T22:28:53,Kopete,TRUE
52080136,82.247.118.177,2010-04-10T23:22:52,Bombe A,TRUE
52080153,82.247.118.177,2010-04-10T23:23:30,Bombe A,TRUE
52080181,82.247.118.177,2010-04-10T23:24:35,Bombe A,TRUE
52080196,82.247.118.177,2010-04-10T23:25:11,Bombe A,TRUE
56584972,88.161.100.184,2010-08-28T20:59:13,Discussion:Nutella,TRUE
69049971,77.247.181.164,2011-08-31T01:56:16,Denzel Washington,TRUE
70695439,173.254.216.67,2011-10-03T00:43:25,France 4,TRUE
70695453,173.254.216.67,2011-10-03T00:45:40,France 4,TRUE
85410602,46.38.57.196,2012-11-16T23:00:46,Friedrich Wilhelm Murnau,TRUE
85410625,46.38.57.196,2012-11-16T23:01:30,Friedrich Wilhelm Murnau,TRUE
85428307,91.218.203.61,2012-11-17T13:21:26,Friedrich Wilhelm Murnau,TRUE
85465587,77.87.36.179,2012-11-18T11:58:58,Friedrich Wilhelm Murnau,TRUE
85478692,46.39.178.17,2012-11-18T17:06:48,Friedrich Wilhelm Murnau,TRUE
70353999,93.11.116.22,2011-09-26T12:37:37,Lysander Spooner,TRUE
57255740,88.198.6.155,2010-09-19T11:03:19,Mito,TRUE
57528230,92.160.64.69,2010-09-27T20:22:20,Élisabeth en Bavière,TRUE
68949143,87.225.253.173,2011-08-28T12:08:51,Loi du χ²,TRUE
54393006,173.244.197.211,2010-06-17T16:34:47,Camping,TRUE
69058540,192.251.226.205,2011-08-31T11:00:59,Tropaeolum,TRUE
68452256,46.105.27.26,2011-08-15T15:25:29,Argumentation,TRUE
85608114,62.141.58.13,2012-11-21T20:32:20,Patrick Poivey,TRUE
67823451,80.67.176.111,2011-07-26T17:28:48,MUTE,TRUE
89757473,91.206.27.30,2013-03-11T23:12:30,Croix scandinave,TRUE
80293423,81.66.66.15,2012-06-29T10:04:27,Anne Sinclair,TRUE
70695538,80.237.226.73,2011-10-03T00:59:54,AB1,TRUE
119750902,37.48.113.81,2015-10-23T13:50:32,Crédit agricole,TRUE
55343647,92.160.118.106,2010-07-18T16:41:09,Anthony Hopkins,TRUE
70696289,46.251.236.221,2011-10-03T01:55:20,W9,TRUE
70696309,46.251.236.221,2011-10-03T01:57:41,W9,TRUE
87202507,74.120.12.135,2013-01-03T01:37:03,Modèle:Infobox Course de Formule 1,TRUE
87240155,89.187.142.208,2013-01-04T00:06:27,Modèle:Infobox Course de Formule 1,TRUE
87316855,62.212.82.118,2013-01-05T23:30:20,Modèle:Infobox Course de Formule 1,TRUE
57493713,92.160.86.228,2010-09-26T18:34:55,Datura stramonium,TRUE
57493848,92.160.86.228,2010-09-26T18:40:50,Datura stramonium,TRUE
57404861,88.161.100.184,2010-09-23T21:29:16,Pyroxène,TRUE
69050097,199.48.147.42,2011-08-31T02:13:17,Jay Z,TRUE
50940532,84.101.156.98,2010-03-09T13:34:28,Jean Dujardin,TRUE
71036372,88.182.223.7,2011-10-13T03:51:44,Bob Denard,TRUE
75831613,88.198.100.230,2012-02-20T15:37:06,Modèle:Attention,TRUE
70695375,83.170.92.9,2011-10-03T00:37:59,TFX,TRUE
70695473,173.254.216.67,2011-10-03T00:48:58,TFX,TRUE
66937636,41.104.28.204,2011-06-29T16:17:48,Aïn Taya,TRUE
66937765,41.104.28.204,2011-06-29T16:20:45,Aïn Taya,TRUE
69025090,184.18.151.21,2011-08-30T11:55:56,Université Nice-Sophia-Antipolis,TRUE
69025940,77.247.181.162,2011-08-30T12:22:39,Université Nice-Sophia-Antipolis,TRUE
69032050,199.48.147.39,2011-08-30T15:45:05,Université Nice-Sophia-Antipolis,TRUE
69032482,192.251.226.205,2011-08-30T15:58:10,Université Nice-Sophia-Antipolis,TRUE
53431329,82.225.84.154,2010-05-19T17:19:51,Liaison osidique,TRUE
64626672,78.192.173.130,2011-04-23T19:56:33,Inlandsis,TRUE
125553751,82.228.252.20,2016-04-24T01:42:07,Le Cannet,TRUE
89416234,94.142.233.175,2013-03-02T09:06:13,Clémentine Autain,TRUE
54239664,64.62.196.24,2010-06-12T23:27:41,Têtu (magazine),TRUE
139800909,83.220.174.128,2017-08-16T14:42:50,Masculinisme,TRUE
72569506,78.129.222.246,2011-11-27T23:45:34,Jacques Sadoul (homme politique),TRUE
60509438,96.23.95.228,2010-12-23T19:07:02,Transformers (série télévisée d'animation),TRUE
56537496,208.53.142.37,2010-08-27T10:55:49,Kool Shen,TRUE
89723371,212.232.24.57,2013-03-11T03:07:24,Grand Prix de Long Beach,TRUE
56536981,213.229.109.203,2010-08-27T10:36:14,Gaël Monfils,TRUE
56593700,174.36.199.203,2010-08-29T08:15:51,Discussion utilisateur:Ludo29,TRUE
56595777,217.115.137.221,2010-08-29T09:38:15,Discussion utilisateur:Ludo29,TRUE
56597969,137.56.163.64,2010-08-29T11:08:06,Discussion utilisateur:Ludo29,TRUE
56598041,137.56.163.64,2010-08-29T11:10:13,Discussion utilisateur:Ludo29,TRUE
56628382,208.53.142.41,2010-08-30T09:10:52,Discussion utilisateur:Ludo29,TRUE
75887006,79.143.177.201,2012-02-21T22:54:06,David Pujadas,TRUE
75887099,79.143.177.201,2012-02-21T22:56:37,David Pujadas,TRUE
74207283,173.254.216.68,2012-01-11T14:02:08,Guillaume Peltier,TRUE
74207425,173.254.216.68,2012-01-11T14:05:02,Guillaume Peltier,TRUE
74207478,173.254.216.68,2012-01-11T14:06:19,Guillaume Peltier,TRUE
70809248,188.40.242.163,2011-10-06T21:47:14,"La Guerre des mondes (film, 2005)",TRUE
70809363,188.40.242.163,2011-10-06T21:49:30,"La Guerre des mondes (film, 2005)",TRUE
75831736,88.198.100.230,2012-02-20T15:40:00,Modèle:Code,TRUE
89522086,185.13.224.51,2013-03-05T00:24:23,Damon Hill,TRUE
90146297,67.230.168.86,2013-03-14T16:01:37,Damon Hill,TRUE
58853767,195.64.140.190,2010-11-05T22:53:28,IB,TRUE
55144747,69.1.176.173,2010-07-11T16:45:12,Paul Bert,TRUE
55144830,69.1.176.173,2010-07-11T16:47:55,Paul Bert,TRUE
52378478,85.229.200.128,2010-04-19T08:54:36,Discussion utilisateur:Lgd,TRUE
52384953,86.216.64.202,2010-04-19T12:33:35,Discussion utilisateur:Lgd,TRUE
53613567,81.169.183.122,2010-05-25T10:58:31,Discussion utilisateur:Lgd,TRUE
56628178,92.243.10.145,2010-08-30T09:05:08,Discussion utilisateur:Lgd,TRUE
126365403,5.9.158.75,2016-05-21T11:48:59,À la Belle Jardinière,TRUE
69368697,82.245.41.171,2011-09-08T13:01:28,Viuz-en-Sallaz,TRUE
69368803,82.245.41.171,2011-09-08T13:04:21,Viuz-en-Sallaz,TRUE
55371509,222.107.34.53,2010-07-19T16:27:20,Francophilie,TRUE
56493569,82.227.89.221,2010-08-25T21:32:36,Erri De Luca,TRUE
69055373,199.48.147.36,2011-08-31T09:14:42,Gouffre de Padirac,TRUE
75219938,96.44.163.76,2012-02-06T08:05:11,Parade,TRUE
54005983,173.35.190.2,2010-06-06T05:23:46,Affaire Rhodia,TRUE
70899252,209.236.66.137,2011-10-09T16:23:11,Lucifer (cryptographie),TRUE
70899395,68.71.46.138,2011-10-09T16:26:30,Lucifer (cryptographie),TRUE
55326566,70.176.16.252,2010-07-17T21:33:53,Rock,TRUE
54096265,82.228.211.174,2010-06-08T16:53:36,Melvins,TRUE
88668743,37.153.194.171,2013-02-11T22:52:35,Mario Andretti,TRUE
89500546,46.166.185.70,2013-03-04T13:21:08,Mario Andretti,TRUE
89887889,212.117.180.65,2013-03-12T23:24:16,Mario Andretti,TRUE
89891748,198.12.67.151,2013-03-12T23:55:26,Mario Andretti,TRUE
90148146,46.149.18.106,2013-03-14T16:11:32,Mario Andretti,TRUE
78266937,91.183.48.92,2012-05-02T13:41:55,Federal Funds,TRUE
88796167,96.26.145.19,2013-02-15T00:32:19,Windows Vista,TRUE
53539926,82.232.188.61,2010-05-23T01:05:54,Discussion:Caucasien,TRUE
120606023,90.61.114.153,2015-11-18T16:09:43,Z,TRUE
71875252,83.254.2.173,2011-11-07T14:05:08,Mite des vêtements,TRUE
55528425,78.251.141.85,2010-07-24T21:46:08,Magloire,TRUE
82603287,37.59.37.103,2012-09-02T12:53:12,Grande mosquée de Paris,TRUE
82608646,213.110.198.31,2012-09-02T14:24:02,Grande mosquée de Paris,TRUE
82645689,89.248.172.226,2012-09-03T13:08:08,Grande mosquée de Paris,TRUE
80070525,80.67.176.111,2012-06-22T22:02:44,Haricot vert,TRUE
65786699,79.160.36.104,2011-05-28T08:46:49,Tor (réseau),TRUE
65794938,76.111.63.104,2011-05-28T13:46:23,Tor (réseau),TRUE
52573711,173.35.190.2,2010-04-24T23:29:59,John Goodman,TRUE
85437137,31.131.20.158,2012-11-17T17:14:23,Georg Wilhelm Pabst,TRUE
73439975,90.43.221.14,2011-12-23T06:30:43,Chris Hülsbeck,TRUE
76018534,50.61.247.32,2012-02-25T09:47:30,Stratégie de communication,TRUE
85216483,91.121.121.151,2012-11-11T21:24:27,Chavagnes-en-Paillers,TRUE
56596272,216.86.61.205,2010-08-29T09:58:13,Résistance intérieure française,TRUE
68114027,82.255.229.7,2011-08-05T05:22:52,Marcilly-la-Campagne,TRUE
56600911,217.115.137.221,2010-08-29T12:58:24,Zoreilles,TRUE
139902950,5.157.7.43,2017-08-20T02:23:44,Pro Juventute,TRUE
139903401,5.157.7.43,2017-08-20T03:17:01,Pro Juventute,TRUE
139903405,5.157.7.43,2017-08-20T03:17:41,Pro Juventute,TRUE
139903535,5.157.7.43,2017-08-20T03:43:53,Pro Juventute,TRUE
139903541,5.157.7.43,2017-08-20T03:44:33,Pro Juventute,TRUE
139903652,5.157.7.43,2017-08-20T03:57:53,Pro Juventute,TRUE
139903667,5.157.7.43,2017-08-20T03:59:54,Pro Juventute,TRUE
139903826,5.157.7.43,2017-08-20T04:26:58,Pro Juventute,TRUE
72691397,135.196.0.10,2011-12-01T11:51:27,Bamilékés,TRUE
68341752,86.194.221.42,2011-08-12T06:20:33,Discussion:Anne Lauvergeon,TRUE
68862068,94.178.62.116,2011-08-26T05:50:40,Discussion:Anne Lauvergeon,TRUE
84169759,88.173.245.211,2012-10-16T11:30:31,Tramway de Montpellier,TRUE
84169813,88.173.245.211,2012-10-16T11:32:03,Tramway de Montpellier,TRUE
86773871,82.143.224.56,2012-12-21T07:09:28,Stavudine,TRUE
56537411,208.53.142.37,2010-08-27T10:52:18,Bruno Solo,TRUE
113397969,78.198.180.205,2015-03-30T19:29:48,Jacob de Haan,TRUE
113398138,78.198.180.205,2015-03-30T19:36:03,Jacob de Haan,TRUE
70580777,208.76.53.10,2011-09-30T11:18:14,Lod (Israël),TRUE
54189534,64.62.196.24,2010-06-11T13:15:28,"Institut national du sport, de l'expertise et de la performance",TRUE
82159841,31.31.74.235,2012-08-21T14:54:41,Pierre Molaine,TRUE
54031957,96.249.154.94,2010-06-06T20:39:34,Discussion:Violence conjugale,TRUE
54905436,173.244.197.211,2010-07-03T23:21:58,Montataire,TRUE
54905508,173.244.197.211,2010-07-03T23:25:25,Montataire,TRUE
58684943,86.214.2.153,2010-10-31T18:52:58,Winx Club,TRUE
58685280,86.214.2.153,2010-10-31T19:03:58,Winx Club,TRUE
58693738,86.214.2.153,2010-10-31T23:51:45,Winx Club,TRUE
89671004,82.234.131.203,2013-03-09T13:19:41,Merian C. Cooper,TRUE
89671129,82.234.131.203,2013-03-09T13:25:17,Merian C. Cooper,TRUE
89671180,82.234.131.203,2013-03-09T13:27:10,Merian C. Cooper,TRUE
89671213,82.234.131.203,2013-03-09T13:28:11,Merian C. Cooper,TRUE
89671268,82.234.131.203,2013-03-09T13:30:20,Merian C. Cooper,TRUE
69785533,62.113.219.6,2011-09-17T09:07:48,Arrêt Simmenthal,TRUE
71295870,123.108.108.147,2011-10-21T11:55:56,Jean Zin,TRUE
76858105,83.246.143.86,2012-03-20T23:23:58,Thé Oolong,TRUE
88657532,23.25.135.9,2013-02-11T17:57:05,Brabham Racing Organisation,TRUE
88668739,37.153.194.171,2013-02-11T22:52:25,Brabham Racing Organisation,TRUE
88668911,37.153.194.171,2013-02-11T22:57:40,Brabham Racing Organisation,TRUE
89500540,46.166.185.70,2013-03-04T13:20:59,Brabham Racing Organisation,TRUE
74682142,77.79.6.37,2012-01-23T16:28:42,Christophe Barbier,TRUE
53898647,81.218.219.122,2010-06-02T21:30:54,Ambres,TRUE
75066992,81.169.182.71,2012-02-02T18:10:54,Éructation,TRUE
58782254,92.160.67.101,2010-11-03T16:32:43,Amelia Heinle,TRUE
57548945,173.193.219.190,2010-09-28T13:23:43,George W. Bush,TRUE
57549030,173.193.219.190,2010-09-28T13:26:23,George W. Bush,TRUE
57549120,173.193.219.190,2010-09-28T13:28:43,George W. Bush,TRUE
58201874,188.126.68.4,2010-10-18T14:17:19,Pierre Veltz,TRUE
58201934,188.126.68.4,2010-10-18T14:19:37,Pierre Veltz,TRUE
57389999,92.160.94.111,2010-09-23T14:22:23,Sun Wukong,TRUE
88255174,89.22.97.70,2013-01-31T17:04:39,Histoire des anime,TRUE
72463689,82.240.162.101,2011-11-24T17:07:49,Super Saiyan,TRUE
56254872,209.107.217.119,2010-08-18T03:06:32,Ghilzai,TRUE
69051015,173.56.96.253,2011-08-31T04:33:35,Jason Mraz,TRUE
75684759,24.46.177.245,2012-02-16T20:45:32,TER Alsace,TRUE
77315253,84.55.117.251,2012-04-04T11:01:24,Ulcère de Buruli,TRUE
72287294,87.98.178.61,2011-11-19T11:15:12,Lapin de Pâques,TRUE
89723376,212.232.24.57,2013-03-11T03:07:35,Grand Prix automobile de Détroit,TRUE
71535871,81.169.173.120,2011-10-28T14:31:00,Prix Sakharov,TRUE
70696476,80.237.226.76,2011-10-03T02:30:11,Discussion utilisateur:ThomasCVB,TRUE
70958417,173.254.216.66,2011-10-10T23:28:01,Discussion utilisateur:ThomasCVB,TRUE
71025830,78.46.100.177,2011-10-12T18:05:54,Discussion utilisateur:ThomasCVB,TRUE
71026311,209.236.66.137,2011-10-12T18:27:01,Discussion utilisateur:ThomasCVB,TRUE
56028980,41.228.185.254,2010-08-10T22:24:41,Ricardo Carvalho,TRUE
53481745,62.62.174.28,2010-05-21T07:27:11,Gaspard de la nuit (Ravel),TRUE
55923946,92.160.126.159,2010-08-07T05:18:37,Azura Skye,TRUE
57327580,61.32.46.9,2010-09-21T16:23:41,Trouble de la personnalité schizoïde,TRUE
55595411,92.160.86.45,2010-07-27T05:49:14,Lady Deathstrike,TRUE
81687394,199.254.238.44,2012-08-08T12:11:50,NRJ Mobile,TRUE
81687666,93.182.129.84,2012-08-08T12:21:47,NRJ Mobile,TRUE
81688915,85.31.187.132,2012-08-08T12:57:11,NRJ Mobile,TRUE
85263150,62.220.135.129,2012-11-12T21:51:01,Jean-Paul Bourcereau,TRUE
85263250,62.220.135.129,2012-11-12T21:54:26,Jean-Paul Bourcereau,TRUE
85263306,62.220.135.129,2012-11-12T21:56:05,Jean-Paul Bourcereau,TRUE
69024645,193.106.172.85,2011-08-30T11:43:30,Parrot (entreprise),TRUE
69025597,87.236.194.158,2011-08-30T12:11:39,Parrot (entreprise),TRUE
69026441,68.169.35.41,2011-08-30T12:37:36,Parrot (entreprise),TRUE
56586477,128.208.6.19,2010-08-28T21:58:47,Français (peuple),TRUE
56586807,208.53.142.41,2010-08-28T22:10:38,Français (peuple),TRUE
56586926,208.53.142.41,2010-08-28T22:15:02,Français (peuple),TRUE
56586995,208.53.142.41,2010-08-28T22:18:24,Français (peuple),TRUE
56587233,64.189.17.37,2010-08-28T22:30:26,Français (peuple),TRUE
56592867,83.169.33.85,2010-08-29T07:34:08,Français (peuple),TRUE
56592883,83.169.33.85,2010-08-29T07:35:01,Français (peuple),TRUE
61614633,82.228.211.174,2011-01-25T11:47:24,Oceansize,TRUE
68975901,82.149.225.171,2011-08-29T08:11:00,Michel Tabachnik,TRUE
89723372,212.232.24.57,2013-03-11T03:07:26,Grand Prix automobile de Houston,TRUE
58316785,110.76.82.179,2010-10-22T04:15:55,Vajra,TRUE
75831485,85.24.188.130,2012-02-20T15:34:05,Modèle:Arbre généalogique/début,TRUE
75831570,85.24.188.130,2012-02-20T15:36:00,Modèle:Arbre généalogique/fin,TRUE
57950414,88.161.100.184,2010-10-10T16:10:07,Discussion:Subduction,TRUE
55803003,86.216.244.66,2010-08-03T07:02:53,Discussion:Négation de la Shoah/Archive 1,TRUE
55809146,86.216.244.66,2010-08-03T11:45:55,Discussion:Négation de la Shoah/Archive 1,TRUE
55809175,86.216.244.66,2010-08-03T11:47:31,Discussion:Négation de la Shoah/Archive 1,TRUE
55833929,92.133.95.188,2010-08-04T06:08:32,Discussion:Négation de la Shoah/Archive 1,TRUE
89723375,212.232.24.57,2013-03-11T03:07:32,Grand Prix automobile de Cleveland,TRUE
89723370,212.232.24.57,2013-03-11T03:07:17,Grand Prix automobile de Toronto,TRUE
94889899,82.67.62.169,2013-07-12T08:46:49,Matthias Schweighöfer,TRUE
89347658,198.96.155.3,2013-02-28T14:19:57,Gentleman,TRUE
73106830,82.137.200.52,2011-12-13T14:58:28,Moustapha Ier,TRUE
89670854,82.234.131.203,2013-03-09T13:14:00,Bataille de Cold Harbor,TRUE
83049026,37.130.227.133,2012-09-15T20:19:27,Omar m'a tuer (film),TRUE
90133159,204.11.50.131,2013-03-14T14:26:47,Modèle:Autres projets/Documentation,TRUE
121217689,81.169.138.51,2015-12-10T17:12:55,VsFTPd,TRUE
85410592,199.239.183.212,2012-11-16T23:00:16,Discussion:Syrie,TRUE
56537271,81.218.219.122,2010-08-27T10:46:50,Club échangiste,TRUE
82657458,80.237.226.74,2012-09-03T19:25:07,Main courante (registre),TRUE
87688693,173.192.216.78,2013-01-15T23:34:55,Discussion utilisateur:Cobra bubbles,TRUE
88231816,192.34.62.248,2013-01-30T23:48:37,Discussion utilisateur:Cobra bubbles,TRUE
89729976,213.152.181.7,2013-03-11T11:20:20,Grand Prix de Pau,TRUE
90006846,180.149.96.169,2013-03-13T17:26:15,Grand Prix de Pau,TRUE
72772221,77.109.139.87,2011-12-03T16:53:39,3+,TRUE
55620265,78.47.29.82,2010-07-27T22:33:42,André Corneille Lens,TRUE
72291307,81.17.26.84,2011-11-19T13:15:16,Olivier Nussbaum,TRUE
72294480,74.3.165.39,2011-11-19T14:48:07,Olivier Nussbaum,TRUE
86519635,85.64.30.54,2012-12-14T09:39:36,Forssa,TRUE
55355321,92.160.118.106,2010-07-19T03:26:48,Hannibal Lecter : Les Origines du mal,TRUE
90768981,85.10.211.53,2013-03-18T16:57:05,Portail:Formule 1/Classement,TRUE
56735189,208.53.142.41,2010-09-02T15:37:44,Français (homonymie),TRUE
55398336,92.160.86.203,2010-07-20T13:04:03,Compagnie ACME,TRUE
70695190,173.254.216.66,2011-10-03T00:18:41,Utilisateur:Salebot,TRUE
73476273,87.236.194.158,2011-12-24T00:51:08,François Berléand,TRUE
56410235,188.40.135.241,2010-08-23T12:02:16,Pierre Pascal,TRUE
